Nombre,Posición,Equipo,Puntos,Media Puntos Relevo,Puntos Relevo,Precio Actual,Precio Inicial,Media,Partidos,Minutos,Goles,Asistencias,Asistencias sin Gol,Balones al Área,Despejes,Regates,Tiros a Puerta,Balones Recuperados,Posesiones Perdidas,Penaltis Fallados,Goles en Contra,Tarjetas Rojas,Paradas,Penaltis Cometidos,Tarjetas Amarillas,Segundas Amarillas,Penaltis Provocados,Penaltis Parados,Goles en Propia Puerta
Lewandowski,DL,FC Barcelona,146,2.85,37,127.371.980,127.397.088,11.23,13,1075,14,2,3,0,15,11,31,27,121,1,8,0,0,0,1,0,0,0,0
Raphinha,DL,FC Barcelona,143,3.23,42,125.574.940,126.412.569,11.00,13,1082,7,6,11,25,12,18,16,45,218,0,9,0,0,0,1,0,2,0,0
Lamine Yamal,DL,FC Barcelona,137,3.58,43,130.755.379,129.276.090,11.42,12,977,5,7,11,5,2,30,17,53,200,0,8,0,0,0,1,0,1,0,0
Vinícius Jr.,DL,Real Madrid,118,3.08,37,122.524.964,124.817.548,9.83,12,984,8,4,4,5,0,34,11,27,189,0,9,0,0,0,4,0,2,0,0
Mbappe,DL,Real Madrid,102,2.82,31,113.861.649,115.469.311,9.27,11,942,6,1,2,1,0,31,24,16,133,0,8,0,0,0,1,0,0,0,0
Oblak,PO,Atlético de Madrid,98,2.50,30,43.994.610,45.329.104,8.17,12,1080,0,0,0,0,4,1,0,89,67,0,7,0,34,0,0,0,0,0,0
Valverde,MC,Real Madrid,94,2.58,31,79.643.844,79.127.149,7.83,12,1032,2,2,2,0,14,7,9,84,94,0,9,0,0,0,2,0,0,0,0
Cruz,MC,Leganés,93,2.38,31,54.899.212,56.198.421,7.15,13,774,4,1,4,11,8,16,9,43,146,0,8,0,0,0,1,0,0,0,0
Remiro,PO,Real Sociedad,93,2.31,30,29.526.179,29.773.696,6.64,13,1170,0,0,0,0,8,0,0,84,103,0,10,0,28,0,0,0,0,0,0
Griezmann,DL,Atlético de Madrid,93,2.77,36,78.686.200,77.833.978,7.15,13,959,3,4,5,13,11,7,6,31,191,0,5,0,0,0,1,0,0,0,0
Miguel Gutiérrez,DF,Girona,92,2.46,32,55.709.994,57.586.982,7.08,13,1080,1,2,6,24,12,16,6,77,150,0,15,0,0,0,0,0,0,0,0
Pedri,MC,FC Barcelona,91,2.62,34,84.209.043,82.957.979,7.00,13,931,3,1,2,5,5,9,5,79,139,0,9,0,0,0,1,0,0,0,0
Raíllo,DF,Mallorca,90,2.15,28,53.593.184,54.043.753,6.92,13,1170,1,0,2,0,66,2,3,49,98,0,10,0,0,0,0,0,0,0,0
Lukébakio,DL,Equipo desconocido,88,2.23,29,51.508.005,53.118.972,6.77,13,1022,5,0,1,10,5,29,16,43,168,0,16,0,0,0,1,0,0,0,0
Rui Silva,PO,Real Betis,87,2.23,29,31.348.070,30.824.822,6.69,13,1170,0,0,0,0,7,0,0,113,95,0,12,0,36,1,1,0,0,0,0
Moleiro,MC,Las Palmas,87,2.23,29,50.292.726,51.297.971,6.69,13,1020,4,0,3,2,3,24,15,54,146,0,17,0,0,0,2,0,0,0,0
Sergio Gómez,DL,Real Sociedad,86,2.62,34,54.679.329,53.522.972,6.62,13,986,0,3,6,28,5,8,4,73,173,0,9,0,0,1,1,0,0,0,0
Zubimendi,MC,Real Sociedad,84,2.54,33,46.601.775,47.810.442,6.46,13,1125,1,1,0,1,27,9,5,66,126,0,10,0,0,0,2,0,1,0,0
Kubo,MC,Real Sociedad,84,2.38,31,60.012.256,62.789.122,6.46,13,872,3,0,3,10,3,23,7,51,178,0,6,0,0,0,1,0,0,0,0
Iñaki Williams,DL,Athletic Club,83,2.00,24,65.695.172,64.634.043,6.92,12,976,3,4,6,6,11,17,9,35,168,0,10,0,0,0,0,0,1,0,0
Milla,MC,Espanyol,83,2.46,32,40.053.150,39.788.700,6.38,13,1155,1,1,2,30,8,10,3,75,203,0,11,0,0,1,0,0,0,0,0
Moro,MC,Valladolid,80,2.23,29,33.529.645,35.662.076,6.15,13,941,3,1,2,20,6,24,6,48,165,0,20,0,0,0,1,0,0,0,0
Carlos Vicente,DL,Alavés,79,2.31,30,35.820.716,35.105.008,6.08,13,1056,2,0,2,33,6,13,7,50,171,0,17,0,0,0,1,0,0,0,0
Aspas,DL,Celta de Vigo,79,2.33,28,44.381.685,43.552.131,6.58,12,891,4,3,4,2,2,8,13,29,133,1,14,0,0,0,1,1,1,0,0
De Frutos,MC,Rayo Vallecano,79,1.92,23,39.996.569,39.258.042,6.58,12,875,3,1,3,7,7,14,7,55,120,0,9,0,0,0,0,0,0,0,0
Sergio Herrera,PO,Osasuna,78,2.38,31,21.046.015,20.657.405,6.00,13,1170,0,0,0,0,12,0,0,121,156,0,20,0,45,0,2,0,0,0,0
Joan Garcia,PO,Espanyol,78,2.08,25,25.963.339,25.266.249,6.50,12,1080,0,0,0,0,11,0,1,127,115,0,22,0,52,0,1,0,0,1,0
Lo Celso,MC,Real Betis,78,3.43,24,51.381.622,55.760.495,11.14,7,493,5,1,3,12,1,10,10,30,101,0,5,0,0,0,1,0,0,0,0
Gazzaniga,PO,Girona,77,1.69,22,23.555.563,23.178.812,5.92,13,1170,0,0,0,0,4,2,0,86,82,0,17,0,27,0,3,0,0,2,0
Budimir,DL,Osasuna,77,1.69,22,46.596.712,46.128.869,5.92,13,933,6,1,1,0,8,5,11,19,116,0,16,0,0,0,1,0,3,0,0
Bryan,DL,Osasuna,76,2.08,27,57.094.340,56.042.383,5.85,13,906,1,5,3,13,8,28,6,25,153,0,15,0,0,0,3,0,0,0,0
Dani Rodríguez,MC,Mallorca,76,2.15,28,37.010.010,35.974.490,5.85,13,687,2,3,4,15,6,7,4,22,99,0,7,0,0,0,1,0,0,0,0
Iñigo Martínez,DF,FC Barcelona,75,2.23,29,61.818.064,61.956.681,5.77,13,1062,0,1,2,0,37,0,1,49,97,0,8,0,0,0,3,0,0,0,0
Berenguer,DL,Athletic Club,74,1.85,24,24.424.614,25.598.504,5.69,13,708,2,4,6,8,6,9,6,29,133,1,7,0,0,0,2,0,2,0,0
Vivian,DF,Athletic Club,74,1.85,24,40.304.566,39.369.483,5.69,13,864,2,0,0,0,48,2,4,68,86,0,10,0,0,0,1,0,0,0,0
Álex Baena,MC,Villarreal CF,74,2.45,27,54.703.598,53.291.556,6.73,11,838,1,5,6,25,4,5,6,54,162,1,14,0,0,0,3,0,0,0,0
Giménez,DF,Atlético de Madrid,74,2.00,26,40.862.060,41.942.699,5.69,13,926,0,0,0,0,45,0,0,50,57,0,3,0,0,0,1,0,0,0,1
Rodrygo,DL,Real Madrid,73,2.36,26,44.078.889,42.009.430,6.64,11,666,3,1,0,9,2,14,7,18,81,0,2,0,0,0,0,0,0,0,0
Militão,DF,Real Madrid,73,2.17,26,44.593.956,42.222.339,6.08,12,939,1,1,1,0,35,5,3,54,86,0,9,0,0,0,2,0,0,0,0
David Soria,PO,Espanyol,72,2.00,26,17.268.438,16.830.174,5.14,13,1170,0,0,0,0,15,0,0,83,142,0,11,0,25,0,0,0,0,0,0
Mojica,DF,Mallorca,72,2.00,26,37.958.703,37.732.195,5.54,13,907,0,0,3,17,25,12,0,76,157,0,8,0,0,0,2,0,0,0,0
Karl Hein,PO,Valladolid,72,2.15,28,17.247.552,16.942.156,5.54,13,1170,0,0,0,0,12,0,0,105,125,0,25,0,43,0,0,0,0,0,0
Sorloth,DL,Atlético de Madrid,72,1.85,24,37.357.525,36.778.255,5.54,13,599,4,2,1,1,9,5,11,24,103,0,5,0,0,0,0,0,0,0,0
Julián Alvarez,DL,Atlético de Madrid,71,1.77,23,54.899.622,56.807.035,5.46,13,762,4,1,1,4,3,6,10,21,92,0,3,0,0,0,1,0,0,0,0
Diego Llorente,DF,Real Betis,70,1.85,24,30.817.147,31.360.539,5.38,13,1135,0,0,0,0,61,4,1,60,112,0,11,0,0,1,0,0,0,0,0
Diego Conde,PO,Villarreal CF,70,1.92,23,21.219.270,21.279.531,5.83,12,1080,0,1,1,0,9,0,0,84,67,0,19,0,36,0,1,0,0,0,0
Yangel Herrera,MC,Girona,68,1.83,22,22.221.498,22.085.407,5.67,12,802,2,1,1,5,17,7,5,59,114,0,9,0,0,0,4,0,0,0,0
Pau Cubarsí,DF,FC Barcelona,68,1.85,24,59.858.847,61.004.319,5.23,13,1025,0,1,2,1,27,3,0,39,66,0,10,0,0,1,2,0,0,0,0
Andrei,DF,Rayo Vallecano,67,2.36,26,19.308.024,19.569.786,6.09,11,890,1,1,2,5,18,22,6,54,139,0,10,0,0,0,1,0,0,0,0
Ayoze Pérez,DL,Villarreal CF,67,2.44,22,57.173.849,58.467.963,7.44,9,517,7,0,2,3,4,9,7,23,50,0,9,0,0,0,3,0,0,0,0
Fornals,MC,Real Betis,66,2.08,27,21.686.104,22.793.866,5.08,13,956,1,0,3,16,6,3,3,66,155,0,8,0,0,0,2,0,0,0,0
Lejeune,DF,Rayo Vallecano,66,2.00,24,28.584.736,28.061.896,5.50,12,1080,0,1,0,0,50,2,6,54,113,0,13,0,0,0,1,0,0,0,0
Samu Costa,MC,Mallorca,66,2.08,25,29.544.155,30.026.998,5.50,12,1011,0,1,3,2,36,2,6,65,127,0,9,0,0,0,4,1,0,0,0
Rüdiger,DF,Real Madrid,65,2.00,24,52.184.087,53.420.567,5.42,12,996,0,0,0,1,39,2,2,44,73,0,10,0,0,0,0,0,0,0,0
Comesaña,MC,Villarreal CF,65,2.08,25,15.737.440,16.205.470,5.42,12,853,2,2,3,2,11,4,2,65,88,0,17,0,0,0,2,0,0,0,0
Dani Olmo,MC,FC Barcelona,65,2.43,17,98.088.132,98.499.823,9.29,7,315,5,0,2,1,0,10,10,18,51,0,0,0,0,0,0,0,0,0,0
Alderete,DF,Espanyol,64,2.25,27,16.737.155,17.044.799,5.33,12,1080,0,0,2,0,55,5,6,57,173,0,10,0,0,0,3,0,0,0,0
Mingueza,DF,Celta de Vigo,64,2.25,27,38.030.031,37.026.108,5.33,12,917,2,5,7,7,13,10,3,54,202,0,18,0,0,0,3,0,0,0,0
Aimar Oroz,MC,Osasuna,64,1.46,19,20.281.721,20.260.044,4.92,13,1041,1,0,2,1,1,13,7,72,105,0,16,0,0,0,1,0,0,0,0
Koundé,DF,FC Barcelona,64,2.15,28,54.026.660,52.935.401,4.92,13,1019,1,1,2,5,23,11,2,46,145,0,11,0,0,0,2,0,0,0,0
Mamardashvili,PO,Valencia CF,64,1.91,21,23.916.379,23.135.086,5.82,11,990,0,0,0,0,6,0,0,73,111,0,17,0,26,0,0,0,0,1,0
Luka Sucic,MC,Real Sociedad,64,1.67,20,16.631.104,17.625.067,5.33,12,709,1,1,2,1,5,5,7,50,76,0,7,0,0,0,0,0,0,0,0
Modric,MC,Real Madrid,64,2.17,26,33.128.884,33.773.670,5.33,12,593,0,2,7,21,3,4,2,40,92,0,6,0,0,0,3,0,0,0,0
Boyomo,DF,Osasuna,64,1.38,18,28.774.208,28.182.226,4.92,13,1170,1,0,0,0,48,4,2,57,85,0,18,0,0,0,2,0,0,0,0
Koke,MC,Atlético de Madrid,64,1.85,24,20.160.802,508.256,4.92,13,969,1,0,1,3,13,4,2,76,120,0,7,0,0,0,3,0,0,0,1
Abde,DL,Real Betis,63,1.85,24,24.353.789,24.910.438,4.85,13,935,1,0,0,1,2,27,13,51,185,1,9,0,0,0,1,0,1,0,0
Álex Balde,DF,FC Barcelona,63,1.69,22,51.116.105,52.045.009,4.85,13,907,0,2,1,4,7,18,1,40,117,0,8,0,0,0,0,0,0,0,0
Casadó,MC,FC Barcelona,63,1.92,25,35.951.933,38.290.578,4.85,13,773,0,3,3,0,9,1,0,43,74,0,6,0,0,0,1,0,0,0,0
Sancet,MC,Athletic Club,62,2.00,20,29.975.516,29.141.333,6.20,10,666,4,0,1,1,3,6,7,36,93,0,6,0,0,0,1,0,0,0,0
Nyland,PO,Equipo desconocido,62,2.09,23,11.835.896,11.219.014,5.64,11,964,0,0,1,0,11,0,0,78,149,0,15,0,33,0,1,0,0,0,0
Sergio G,DF,Leganés,62,1.62,21,14.033.958,14.251.684,4.77,13,1123,1,0,0,0,65,2,2,52,114,0,16,0,0,0,1,0,0,0,1
Darder,MC,Mallorca,62,1.77,23,19.862.668,19.641.463,4.77,13,815,0,0,1,23,6,8,4,40,132,0,8,0,0,0,0,0,0,0,0
Courtois,PO,Real Madrid,62,2.11,19,33.194.275,33.036.778,6.89,9,810,0,0,0,0,8,0,0,79,42,0,7,0,18,0,0,0,0,0,1
Nico Williams,DL,Athletic Club,61,2.18,24,71.599.077,70.560.958,5.55,11,774,1,1,2,12,1,24,7,29,165,0,6,0,0,0,1,0,0,0,0
B Iglesias,DL,Celta de Vigo,60,1.46,19,24.977.992,24.287.474,4.62,13,692,4,0,1,0,4,7,8,23,82,0,13,0,0,0,0,0,0,0,0
Nayef Aguerd,DF,Real Sociedad,60,2.44,22,19.093.646,21.188.291,6.67,9,786,0,0,1,0,36,1,5,39,63,0,6,0,0,0,1,0,0,0,0
Bryan,DL,Girona,59,2.09,23,14.468.447,56.042.383,5.36,11,701,1,1,2,6,3,19,6,36,105,0,11,0,0,0,1,0,0,0,0
Cillessen,PO,Las Palmas,59,2.18,24,8.363.452,8.417.584,5.36,11,960,0,0,0,0,9,0,0,87,134,0,17,0,39,0,1,0,0,1,0
Sandro,DL,Las Palmas,59,1.90,19,8.405.342,8.754.172,5.90,10,559,3,2,4,12,9,4,5,29,73,0,9,0,0,0,2,0,0,0,0
Torró,MC,Osasuna,59,1.46,19,6.300.954,6.487.206,4.54,13,1132,2,0,0,0,28,2,3,82,166,0,19,0,0,0,4,0,0,0,0
Marcos Llorente,MC,Atlético de Madrid,59,2.50,20,29.454.868,29.816.447,7.38,8,629,2,1,2,7,12,3,3,42,63,0,4,1,0,0,0,0,0,0,0
Agirrezabala,PO,Athletic Club,59,1.91,21,6.941.427,6.966.678,5.36,11,847,0,0,0,0,6,0,0,75,75,0,7,1,16,1,0,0,0,0,0
Guruzeta,DL,Athletic Club,58,1.33,16,20.937.435,20.498.348,4.83,12,680,3,2,0,0,6,4,7,25,65,0,7,0,0,0,0,0,0,0,0
Ejuke,DL,Equipo desconocido,58,2.20,22,13.935.493,13.209.481,5.80,10,542,1,0,1,3,2,33,5,35,104,0,7,0,0,0,0,0,0,0,0
Daley Blind,DF,Girona,57,2.55,28,13.984.783,14.281.585,5.18,11,888,0,1,2,2,30,7,1,48,105,0,13,0,0,0,1,0,0,0,0
Swedberg,MC,Celta de Vigo,57,1.50,18,6.886.103,7.060.065,4.75,12,486,2,3,3,2,3,2,7,15,68,0,10,0,0,0,1,0,0,0,0
Kirian,MC,Las Palmas,57,2.08,25,9.569.012,9.941.034,4.75,12,1018,0,2,2,1,9,7,5,73,137,0,17,0,0,0,2,0,0,0,0
Cisse,MC,Leganés,56,1.38,18,8.671.792,8.527.743,4.31,13,915,0,0,0,0,12,12,0,77,98,0,12,0,0,0,2,0,1,0,0
Pepelu,MC,Valencia CF,56,2.30,23,17.303.167,16.488.523,5.60,10,858,1,2,3,16,14,1,4,54,153,0,13,1,0,0,5,0,0,0,0
Iñaki Peña,PO,FC Barcelona,56,1.38,18,12.481.332,13.455.577,4.31,13,675,0,0,0,0,14,0,0,61,40,0,7,0,16,0,1,0,0,0,0
Greif,PO,Mallorca,56,1.46,19,5.206.646,5.110.028,4.31,13,810,0,0,0,0,6,0,0,67,82,0,8,0,23,0,0,0,0,0,0
Jofre,DL,Espanyol,56,1.58,19,8.150.060,7.908.855,4.67,12,775,2,2,2,4,9,12,5,50,107,0,18,0,0,0,3,0,0,0,0
Rubén García,MC,Osasuna,55,2.00,24,12.869.393,12.351.594,4.58,12,631,1,1,1,13,9,3,3,44,116,0,9,0,0,0,1,0,0,0,0
Hans-Dieter Flick,DT,FC Barcelona,55,0,0,1.613.063,1.547.759,4.23,13,0,0,0,0,0,0,0,0,0,0,0,0,0,0,0,0,0,0,0,0
Valjent,DF,Mallorca,55,1.42,17,16.788.201,16.619.538,4.58,12,791,0,0,0,0,42,1,1,22,55,0,6,0,0,0,1,0,0,0,0
Morlanes,MC,Mallorca,55,1.54,20,4.604.477,4.786.940,4.23,13,691,0,0,0,3,12,1,0,60,57,0,3,0,0,0,3,0,0,0,0
Arambarri,MC,Espanyol,54,1.31,17,3.771.735,3.892.569,3.86,13,827,4,0,0,0,12,6,6,35,120,0,9,0,0,0,4,0,0,0,0
Isi,DL,Rayo Vallecano,54,1.75,21,14.002.065,13.628.187,4.50,12,705,1,1,2,7,3,11,3,42,102,0,9,0,0,0,1,0,0,0,0
Unai López,MC,Rayo Vallecano,54,1.73,19,6.038.528,5.937.940,4.91,11,624,2,0,0,3,7,5,5,64,75,0,4,0,0,0,5,0,0,0,0
Amallah,MC,Valladolid,54,1.36,15,5.562.068,5.396.164,4.91,11,670,2,1,0,7,4,17,6,41,85,0,12,0,0,0,1,0,0,0,0
De Paul,MC,Atlético de Madrid,54,2.08,25,21.153.594,20.668.133,4.50,12,559,0,2,4,8,6,1,0,32,112,0,3,0,0,0,2,0,0,0,0
David López,DF,Girona,53,1.69,22,10.628.046,10.801.973,4.08,13,1026,0,0,0,0,45,5,0,38,93,0,15,0,0,0,2,0,0,0,0
Abel Bretones,MC,Osasuna,53,1.54,20,9.119.360,8.832.566,4.08,13,820,2,0,0,5,25,5,3,55,140,0,15,0,0,0,2,0,0,0,0
Camello,DL,Rayo Vallecano,53,1.50,18,10.087.395,10.018.125,4.42,12,688,2,0,2,1,11,5,6,21,74,0,9,0,0,0,1,0,0,0,0
Mumin,DF,Rayo Vallecano,53,1.36,15,15.610.630,15.270.260,4.82,11,905,1,1,0,0,54,1,1,51,107,0,9,1,0,0,4,0,0,0,0
Parejo,MC,Villarreal CF,53,1.75,21,10.836.721,11.140.814,4.42,12,848,2,0,0,4,14,5,3,53,66,1,15,0,0,0,4,0,0,0,0
Guaita,PO,Celta de Vigo,53,1.33,16,4.179.157,4.110.831,4.42,12,810,0,0,0,0,8,0,0,87,45,0,13,0,21,0,0,0,0,0,0
De Marcos,DF,Athletic Club,53,1.58,19,7.239.631,7.497.496,4.42,12,685,0,3,3,5,12,1,0,50,104,0,7,0,0,0,0,0,0,0,0
A Batalla,PO,Rayo Vallecano,53,2.22,20,5.916.730,5.801.987,5.89,9,720,0,0,0,0,4,1,0,62,95,0,8,0,24,0,0,0,0,0,0
Muriqi,DL,Mallorca,52,1.90,19,28.124.549,27.626.721,5.20,10,765,2,1,1,0,16,5,9,23,112,0,6,0,0,0,1,0,0,0,0
Tchouaméni,MC,Real Madrid,52,2.00,20,26.506.792,25.150.629,5.20,10,846,0,0,1,0,13,3,0,62,63,0,9,0,0,0,0,0,0,0,0
Bartra,DF,Real Betis,51,2.14,15,15.997.613,16.734.746,7.29,7,478,2,0,0,0,28,2,3,29,63,0,4,0,0,0,0,0,0,0,0
Diego Rico,DF,Espanyol,51,1.92,25,6.886.286,6.770.922,3.92,13,1077,0,1,1,23,19,4,3,55,231,0,10,0,0,0,3,0,1,0,0
Starfelt,DF,Celta de Vigo,51,1.00,13,6.100.259,6.024.295,3.92,13,915,1,0,0,0,55,0,1,38,39,0,18,0,0,0,2,0,0,0,0
Carmona,DF,Equipo desconocido,51,1.85,24,6.503.652,6.530.736,3.92,13,1150,0,0,1,4,25,6,2,102,168,0,18,0,0,0,3,0,0,0,0
Alex Muñoz,DF,Las Palmas,51,1.23,16,3.557.098,3.638.191,3.92,13,864,3,0,0,7,39,1,5,33,111,0,15,0,0,1,1,0,0,0,0
Darko,MC,Leganés,51,1.23,16,1.237.142,1.358.675,3.92,13,714,1,2,0,1,20,0,3,36,65,0,10,0,0,0,0,0,0,0,0
Akhomach,DL,Villarreal CF,51,1.67,20,4.836.094,4.584.975,4.25,12,587,1,0,1,3,9,18,6,33,97,0,7,0,0,0,1,0,0,0,0
Nicolas Pépé,DL,Villarreal CF,51,1.55,17,13.537.273,14.054.481,4.64,11,565,1,2,1,1,3,12,13,22,83,0,10,0,0,0,1,0,1,0,0
Becker,MC,Real Sociedad,50,1.33,16,4.487.820,4.783.670,4.17,12,599,1,0,1,7,8,2,10,14,81,0,5,0,0,0,0,0,0,0,0
Vitor Roque,DL,Real Betis,50,1.40,14,18.142.321,19.282.504,5.00,10,606,3,0,2,0,1,6,15,24,70,0,7,0,0,0,0,0,0,0,0
Bellingham,MC,Real Madrid,49,2.25,18,82.976.609,85.706.360,6.13,8,697,1,2,1,0,3,9,4,40,77,0,10,0,0,0,1,0,0,0,0
Djené,DF,Espanyol,48,1.17,14,7.307.048,6.971.952,3.69,12,950,0,0,0,4,37,2,0,49,101,0,8,0,0,0,4,0,0,0,0
Guevara,MC,Alavés,48,1.15,15,2.828.094,2.749.683,3.69,13,762,0,1,1,0,17,3,0,45,103,0,9,0,0,0,1,0,0,0,0
Neyou,MC,Leganés,48,1.67,15,3.790.492,3.706.339,5.33,9,703,1,1,1,0,11,7,1,47,74,0,9,0,0,0,5,0,0,0,0
Catena,DF,Osasuna,48,1.00,13,10.101.824,9.974.370,3.69,13,1080,0,0,0,0,80,1,1,40,102,0,20,0,0,0,2,0,0,0,0
Maffeo,DF,Mallorca,48,1.91,21,9.008.977,9.019.726,4.36,11,828,0,0,2,16,15,15,1,40,153,0,7,0,0,0,1,0,0,0,0
Puado,MC,Espanyol,48,1.30,13,9.328.414,9.183.351,4.80,10,828,4,0,1,0,6,4,6,29,83,0,15,0,0,0,2,0,0,0,0
Samuel Lino,MC,Atlético de Madrid,48,1.23,16,16.682.696,15.946.995,3.69,13,579,0,1,4,4,4,8,8,41,84,0,5,0,0,0,1,0,0,0,0
Conor Gallagher,MC,Atlético de Madrid,48,1.36,15,26.971.448,25.817.266,4.36,11,568,2,0,0,1,7,4,2,37,66,0,3,0,0,0,1,0,0,0,0
Zubeldia,DF,Real Sociedad,48,1.55,17,8.913.402,9.284.164,4.00,11,936,0,0,0,0,36,0,2,42,95,0,8,0,0,1,3,0,0,0,0
Altimira,MC,Real Betis,47,1.31,17,2.443.357,2.451.395,3.62,13,646,0,1,1,0,10,6,1,51,61,0,5,0,0,0,2,0,0,0,0
Iván Martín,MC,Girona,47,1.80,18,8.320.710,7.994.257,4.70,10,745,1,0,0,0,2,10,1,56,72,0,10,0,0,0,0,0,0,0,0
Juan Iglesias,DF,Espanyol,47,1.62,21,3.759.479,3.694.015,3.62,13,939,0,0,2,11,37,5,0,59,214,0,10,0,0,0,1,0,0,0,0
Blanco,MC,Alavés,47,1.38,18,5.397.900,5.238.610,3.62,13,768,0,1,1,2,9,4,1,54,96,0,17,0,0,0,1,0,0,0,0
Sivera,PO,Alavés,47,1.62,21,8.747.455,8.422.646,3.62,13,1170,0,0,0,0,10,0,0,87,171,0,22,0,33,2,3,0,0,0,1
Óscar Valentín,MC,Rayo Vallecano,47,1.42,17,5.357.924,5.190.186,3.92,12,840,0,0,0,2,19,3,1,61,88,0,10,0,0,0,0,0,0,0,0
Carvajal,DF,Real Madrid,47,2.38,19,15.405.104,14.610.794,5.88,8,609,1,0,0,1,13,1,1,31,80,0,3,0,0,0,1,0,0,0,0
Aramburu,DF,Real Sociedad,47,2.00,20,5.252.519,5.575.878,4.70,10,734,0,0,0,6,28,6,2,45,123,0,5,0,0,1,3,0,0,0,0
Carles Pérez,DL,Espanyol,46,1.08,14,2.630.689,2.614.281,3.54,13,890,0,0,1,11,9,14,3,33,126,0,11,0,0,0,1,0,0,0,0
Johnny,MC,Real Betis,46,1.36,15,4.107.236,4.265.396,4.18,11,563,0,1,1,0,22,5,0,55,68,0,7,0,0,0,1,0,0,0,0
Marc Roca,MC,Real Betis,46,1.67,15,7.386.294,6.992.026,5.11,9,733,0,1,1,5,8,4,0,51,65,0,8,0,0,0,3,0,0,0,0
Kike García,DL,Alavés,46,1.33,16,2.175.675,2.120.822,3.83,12,600,3,0,0,0,7,7,6,15,64,0,7,0,0,0,2,1,0,0,0
Badé,DF,Equipo desconocido,46,1.90,19,8.493.502,8.921.067,4.60,10,740,0,1,1,0,44,8,1,39,96,0,11,0,0,0,2,0,0,0,0
Oliver McBurnie,DL,Las Palmas,46,1.31,17,4.787.041,4.606.412,3.54,13,712,0,3,5,1,8,7,4,15,92,0,16,0,0,0,0,0,0,0,0
Javi Hdez,MC,Leganés,46,1.25,15,4.699.729,4.511.585,3.83,12,715,0,1,2,1,32,8,1,42,116,0,8,0,0,0,0,0,0,0,0
Oyarzabal,DL,Real Sociedad,46,1.25,15,20.225.149,20.631.421,3.83,12,711,2,1,1,1,2,2,6,16,75,0,5,1,0,0,1,0,0,0,0
Ancelotti,DT,Real Madrid,46,0,0,1.430.436,1.365.506,3.83,12,0,0,0,0,0,0,0,0,0,0,0,0,0,0,0,0,0,0,0,0
Barrios,MC,Atlético de Madrid,46,2.25,18,11.687.755,12.343.899,5.75,8,629,0,1,2,2,7,5,2,50,76,0,4,0,0,0,1,0,0,0,0
Dmitrovic,PO,Leganés,45,1.38,18,2.674.857,2.696.247,3.46,13,630,0,0,0,0,10,0,0,64,125,0,9,0,23,0,0,0,0,0,0
Danjuma,MC,Girona,37,1.27,14,7.295.093,6.899.730,3.36,11,716,2,0,1,7,0,8,7,17,90,0,13,0,0,1,2,0,0,0,0
Marcos Alonso,DF,Celta de Vigo,37,1.78,16,4.066.459,3.982.748,4.11,9,730,0,0,1,1,38,3,1,46,88,0,11,0,0,0,1,0,0,0,0
Paredes,DF,Athletic Club,36,1.10,11,4.836.499,4.867.025,3.60,10,665,1,0,0,0,46,0,2,25,52,0,8,0,0,1,2,1,0,0,0
Prados,MC,Athletic Club,36,1.00,12,2.294.864,2.202.948,3.00,12,586,1,0,0,1,10,2,3,42,68,0,7,0,0,0,4,0,0,0,0
Tenaglia,DF,Alavés,36,1.25,15,4.223.460,4.025.029,3.00,12,945,1,1,0,4,25,6,2,37,149,0,18,0,0,0,3,0,0,0,0
Viti,MC,Las Palmas,36,1.15,15,760.802,762.739,2.77,13,685,0,1,1,4,18,1,0,38,80,0,12,0,0,0,3,0,0,0,0
Miguel,DL,Leganés,36,0.85,11,819.258,833.300,2.77,13,783,1,1,1,2,8,6,6,13,114,0,8,0,0,0,2,0,0,0,0
Vicente Moreno,DT,Osasuna,36,0,0,568.534,571.177,2.77,13,0,0,0,0,0,0,0,0,0,0,0,0,0,0,0,0,0,0,0,0
Pathé Ciss,MC,Rayo Vallecano,36,1.17,14,1.290.948,1.236.953,3.00,12,339,0,1,2,0,18,4,0,32,41,0,7,0,0,0,2,0,0,0,0
Romero,DF,Espanyol,36,1.25,15,3.377.084,3.234.790,3.00,12,864,1,1,1,11,19,6,2,48,134,0,17,0,0,1,3,0,0,0,0
Albiol,DF,Villarreal CF,36,1.08,13,2.423.996,2.407.183,3.00,12,739,0,0,0,0,51,0,0,25,54,0,10,0,0,1,3,0,0,0,1
Reinildo,DF,Atlético de Madrid,36,1.00,13,3.200.294,3.154.520,2.77,13,599,0,0,0,0,21,2,1,41,78,0,6,0,0,0,3,0,0,0,0
Marcelino,DT,Villarreal CF,36,0,0,750.256,738.651,3.27,11,0,0,0,0,0,0,0,0,0,0,0,0,0,0,0,0,0,0,0,0
Barry,DL,Villarreal CF,36,1.00,9,6.839.013,6.614.867,4.00,9,654,2,2,1,0,3,1,6,11,71,0,10,0,0,0,1,0,0,0,0
Romain Perraud,DF,Real Betis,35,1.00,13,2.609.480,2.561.563,2.69,13,835,0,0,1,3,24,7,2,55,138,0,9,0,0,0,4,0,0,0,0
Manuel Pellegrini,DT,Real Betis,35,0,0,733.656,723.353,2.69,13,0,0,0,0,0,0,0,0,0,0,0,0,0,0,0,0,0,0,0,0
Raba,DL,Leganés,35,1.18,13,769.182,756.094,3.18,11,276,0,2,2,3,2,5,3,21,49,1,2,0,0,0,0,0,0,0,0
Javi López,DF,Real Sociedad,35,1.36,15,2.589.067,2.500.325,3.18,11,640,0,0,1,2,17,3,0,35,85,0,7,0,0,0,0,0,0,0,0
Witsel,DF,Atlético de Madrid,35,0.92,12,5.641.916,5.433.998,2.69,13,528,0,1,1,0,23,1,0,28,41,0,6,0,0,0,0,0,0,0,0
Stoichkov,MC,Alavés,34,0.85,11,2.042.114,1.944.579,2.62,13,568,0,1,2,2,6,4,3,32,91,0,12,0,0,0,1,0,0,0,0
Javi Muñoz,MC,Las Palmas,34,1.38,18,1.216.188,1.170.125,2.62,13,793,0,1,1,4,11,8,3,44,101,0,17,0,0,0,1,0,0,0,0
Turrientes,MC,Real Sociedad,34,1.00,10,1.786.391,1.693.553,3.40,10,460,0,0,0,6,5,5,1,21,42,0,2,0,0,0,2,0,0,0,0
Brahim,MC,Real Madrid,34,1.86,13,7.264.674,7.896.224,4.86,7,201,1,2,1,0,0,7,1,12,40,0,3,0,0,0,0,0,0,0,0
I Sánchez,MC,Valladolid,34,1.08,14,905.008,881.271,2.62,13,428,1,1,2,4,2,9,3,22,69,0,11,0,0,0,2,0,0,0,0
Hugo Alvarez,MC,Celta de Vigo,34,1.60,16,2.124.962,2.033.687,3.40,10,696,1,0,1,3,9,17,4,38,135,0,13,0,0,0,2,0,0,0,0
Bertug,DL,Espanyol,34,0.90,9,910.544,888.439,3.40,10,674,1,0,1,1,11,4,5,14,81,0,6,0,0,0,4,0,1,0,0
Bellerín,DF,Real Betis,33,1.27,14,2.387.821,2.275.405,3.00,11,523,0,1,2,3,13,6,1,17,66,0,5,0,0,0,1,0,0,0,0
Abel Ruiz,DL,Girona,33,0.80,8,4.521.427,4.296.973,3.30,10,663,2,0,0,0,4,4,6,13,50,0,10,0,0,0,2,0,0,0,0
Agoumé,MC,Equipo desconocido,33,1.00,13,1.423.544,1.359.153,2.54,13,689,0,0,0,0,9,10,0,49,102,0,13,1,0,1,1,0,0,0,0
Álex Suárez,DF,Las Palmas,33,0.92,11,1.252.068,1.267.242,2.75,12,896,0,0,0,0,43,0,1,33,77,0,15,0,0,1,3,0,0,0,1
Juan Soriano,PO,Leganés,33,1.08,14,3.738.880,3.552.736,2.54,13,540,0,0,0,0,5,0,0,56,84,0,7,0,19,0,1,0,0,0,1
Raúl,DL,Osasuna,33,0.85,11,773.261,759.853,2.54,13,295,1,0,1,0,2,6,3,3,42,0,6,0,0,0,0,0,0,0,0
Almeida,MC,Valencia CF,33,1.50,15,1.962.847,1.870.651,3.30,10,454,0,0,1,7,2,3,1,25,58,0,9,0,0,0,0,0,0,0,0
Albert Sambi Lokonga,MC,Equipo desconocido,33,1.63,13,1.709.209,1.719.025,4.13,8,476,0,1,1,0,11,2,1,33,40,0,7,0,0,0,1,0,0,0,0
Leo Román,PO,Mallorca,33,1.00,12,1.462.371,1.401.113,2.75,12,360,0,0,0,0,1,1,0,27,54,0,2,0,14,0,0,0,0,0,0
Ernesto Valverde,DT,Athletic Club,33,0,0,786.089,771.675,2.75,12,0,0,0,0,0,0,0,0,0,0,0,0,0,0,0,0,0,0,0,0
Yeray,DF,Athletic Club,32,1.50,12,3.688.934,3.583.837,4.00,8,540,0,0,0,1,20,2,1,34,64,0,5,0,0,0,2,0,0,0,0
Juanlu,MC,Equipo desconocido,32,1.00,12,1.386.665,1.328.021,2.67,12,466,1,1,0,1,6,0,1,23,41,0,6,0,0,0,1,1,0,0,0
Campaña,MC,Las Palmas,32,1.42,17,617.136,615.968,2.67,12,413,0,1,2,4,9,4,1,42,45,0,7,0,0,1,3,0,0,0,0
López,MC,Leganés,32,0.92,12,1.109.141,1.069.399,2.46,13,355,0,1,1,7,5,2,0,23,56,0,7,0,0,0,0,0,0,0,0
Ferran Torres,DL,FC Barcelona,32,1.38,11,3.140.569,2.993.613,4.00,8,329,1,2,1,2,0,7,5,7,36,0,8,1,0,0,0,0,0,0,0
Lucas Vázquez,DF,Real Madrid,32,1.17,14,16.239.054,15.399.280,2.67,12,443,1,1,2,4,2,5,1,20,59,0,9,0,0,0,1,0,0,0,0
Jaureguizar,MC,Athletic Club,32,1.20,12,870.684,849.638,3.20,10,610,1,0,0,2,6,5,1,42,90,0,6,1,0,0,3,0,0,0,0
Costa,DF,Villarreal CF,32,1.50,12,3.989.176,3.918.960,4.00,8,704,1,0,0,0,28,0,2,29,58,0,12,0,0,1,1,0,0,0,0
Michel,DT,Girona,31,0,0,929.462,903.808,2.38,13,0,0,0,0,0,0,0,0,0,0,0,0,0,0,0,0,0,0,0,0
Hugo Sotelo,MC,Celta de Vigo,31,0.92,12,650.333,646.563,2.38,13,560,0,0,1,6,3,3,0,37,69,0,8,0,0,0,3,0,0,0,0
Imanol Alguacil,DT,Real Sociedad,31,0,0,771.779,758.487,2.38,13,0,0,0,0,0,0,0,0,0,0,0,0,0,0,0,0,0,0,0,0
Barrenetxea,MC,Real Sociedad,31,1.40,14,2.168.712,2.092.244,3.10,10,436,0,1,1,4,8,7,2,32,90,0,5,0,0,1,1,0,0,0,0
Jagoba Arrasate,DT,Mallorca,31,0,0,626.847,624.917,2.38,13,0,0,0,0,0,0,0,0,0,0,0,0,0,0,0,0,0,0,0,0
Juric,MC,Valladolid,31,0.62,8,810.236,793.929,2.38,13,641,0,0,1,0,21,4,0,40,51,0,15,0,0,0,4,0,0,0,0
Danjuma,MC,Girona,37,1.27,14,7.295.093,6.899.730,3.36,11,716,2,0,1,7,0,8,7,17,90,0,13,0,0,1,2,0,0,0,0
Marcos Alonso,DF,Celta de Vigo,37,1.78,16,4.066.459,3.982.748,4.11,9,730,0,0,1,1,38,3,1,46,88,0,11,0,0,0,1,0,0,0,0
Paredes,DF,Athletic Club,36,1.10,11,4.836.499,4.867.025,3.60,10,665,1,0,0,0,46,0,2,25,52,0,8,0,0,1,2,1,0,0,0
Prados,MC,Athletic Club,36,1.00,12,2.294.864,2.202.948,3.00,12,586,1,0,0,1,10,2,3,42,68,0,7,0,0,0,4,0,0,0,0
Tenaglia,DF,Alavés,36,1.25,15,4.223.460,4.025.029,3.00,12,945,1,1,0,4,25,6,2,37,149,0,18,0,0,0,3,0,0,0,0
Viti,MC,Las Palmas,36,1.15,15,760.802,762.739,2.77,13,685,0,1,1,4,18,1,0,38,80,0,12,0,0,0,3,0,0,0,0
Miguel,DL,Leganés,36,0.85,11,819.258,833.300,2.77,13,783,1,1,1,2,8,6,6,13,114,0,8,0,0,0,2,0,0,0,0
Vicente Moreno,DT,Osasuna,36,0,0,568.534,571.177,2.77,13,0,0,0,0,0,0,0,0,0,0,0,0,0,0,0,0,0,0,0,0
Pathé Ciss,MC,Rayo Vallecano,36,1.17,14,1.290.948,1.236.953,3.00,12,339,0,1,2,0,18,4,0,32,41,0,7,0,0,0,2,0,0,0,0
Romero,DF,Espanyol,36,1.25,15,3.377.084,3.234.790,3.00,12,864,1,1,1,11,19,6,2,48,134,0,17,0,0,1,3,0,0,0,0
Albiol,DF,Villarreal CF,36,1.08,13,2.423.996,2.407.183,3.00,12,739,0,0,0,0,51,0,0,25,54,0,10,0,0,1,3,0,0,0,1
Reinildo,DF,Atlético de Madrid,36,1.00,13,3.200.294,3.154.520,2.77,13,599,0,0,0,0,21,2,1,41,78,0,6,0,0,0,3,0,0,0,0
Marcelino,DT,Villarreal CF,36,0,0,750.256,738.651,3.27,11,0,0,0,0,0,0,0,0,0,0,0,0,0,0,0,0,0,0,0,0
Barry,DL,Villarreal CF,36,1.00,9,6.839.013,6.614.867,4.00,9,654,2,2,1,0,3,1,6,11,71,0,10,0,0,0,1,0,0,0,0
Romain Perraud,DF,Real Betis,35,1.00,13,2.609.480,2.561.563,2.69,13,835,0,0,1,3,24,7,2,55,138,0,9,0,0,0,4,0,0,0,0
Manuel Pellegrini,DT,Real Betis,35,0,0,733.656,723.353,2.69,13,0,0,0,0,0,0,0,0,0,0,0,0,0,0,0,0,0,0,0,0
Raba,DL,Leganés,35,1.18,13,769.182,756.094,3.18,11,276,0,2,2,3,2,5,3,21,49,1,2,0,0,0,0,0,0,0,0
Javi López,DF,Real Sociedad,35,1.36,15,2.589.067,2.500.325,3.18,11,640,0,0,1,2,17,3,0,35,85,0,7,0,0,0,0,0,0,0,0
Witsel,DF,Atlético de Madrid,35,0.92,12,5.641.916,5.433.998,2.69,13,528,0,1,1,0,23,1,0,28,41,0,6,0,0,0,0,0,0,0,0
Stoichkov,MC,Alavés,34,0.85,11,2.042.114,1.944.579,2.62,13,568,0,1,2,2,6,4,3,32,91,0,12,0,0,0,1,0,0,0,0
Javi Muñoz,MC,Las Palmas,34,1.38,18,1.216.188,1.170.125,2.62,13,793,0,1,1,4,11,8,3,44,101,0,17,0,0,0,1,0,0,0,0
Turrientes,MC,Real Sociedad,34,1.00,10,1.786.391,1.693.553,3.40,10,460,0,0,0,6,5,5,1,21,42,0,2,0,0,0,2,0,0,0,0
Brahim,MC,Real Madrid,34,1.86,13,7.264.674,7.896.224,4.86,7,201,1,2,1,0,0,7,1,12,40,0,3,0,0,0,0,0,0,0,0
I Sánchez,MC,Valladolid,34,1.08,14,905.008,881.271,2.62,13,428,1,1,2,4,2,9,3,22,69,0,11,0,0,0,2,0,0,0,0
Hugo Alvarez,MC,Celta de Vigo,34,1.60,16,2.124.962,2.033.687,3.40,10,696,1,0,1,3,9,17,4,38,135,0,13,0,0,0,2,0,0,0,0
Bertug,DL,Espanyol,34,0.90,9,910.544,888.439,3.40,10,674,1,0,1,1,11,4,5,14,81,0,6,0,0,0,4,0,1,0,0
Bellerín,DF,Real Betis,33,1.27,14,2.387.821,2.275.405,3.00,11,523,0,1,2,3,13,6,1,17,66,0,5,0,0,0,1,0,0,0,0
Abel Ruiz,DL,Girona,33,0.80,8,4.521.427,4.296.973,3.30,10,663,2,0,0,0,4,4,6,13,50,0,10,0,0,0,2,0,0,0,0
Agoumé,MC,Equipo desconocido,33,1.00,13,1.423.544,1.359.153,2.54,13,689,0,0,0,0,9,10,0,49,102,0,13,1,0,1,1,0,0,0,0
Álex Suárez,DF,Las Palmas,33,0.92,11,1.252.068,1.267.242,2.75,12,896,0,0,0,0,43,0,1,33,77,0,15,0,0,1,3,0,0,0,1
Juan Soriano,PO,Leganés,33,1.08,14,3.738.880,3.552.736,2.54,13,540,0,0,0,0,5,0,0,56,84,0,7,0,19,0,1,0,0,0,1
Raúl,DL,Osasuna,33,0.85,11,773.261,759.853,2.54,13,295,1,0,1,0,2,6,3,3,42,0,6,0,0,0,0,0,0,0,0
Almeida,MC,Valencia CF,33,1.50,15,1.962.847,1.870.651,3.30,10,454,0,0,1,7,2,3,1,25,58,0,9,0,0,0,0,0,0,0,0
Albert Sambi Lokonga,MC,Equipo desconocido,33,1.63,13,1.709.209,1.719.025,4.13,8,476,0,1,1,0,11,2,1,33,40,0,7,0,0,0,1,0,0,0,0
Leo Román,PO,Mallorca,33,1.00,12,1.462.371,1.401.113,2.75,12,360,0,0,0,0,1,1,0,27,54,0,2,0,14,0,0,0,0,0,0
Ernesto Valverde,DT,Athletic Club,33,0,0,786.089,771.675,2.75,12,0,0,0,0,0,0,0,0,0,0,0,0,0,0,0,0,0,0,0,0
Yeray,DF,Athletic Club,32,1.50,12,3.688.934,3.583.837,4.00,8,540,0,0,0,1,20,2,1,34,64,0,5,0,0,0,2,0,0,0,0
Juanlu,MC,Equipo desconocido,32,1.00,12,1.386.665,1.328.021,2.67,12,466,1,1,0,1,6,0,1,23,41,0,6,0,0,0,1,1,0,0,0
Campaña,MC,Las Palmas,32,1.42,17,617.136,615.968,2.67,12,413,0,1,2,4,9,4,1,42,45,0,7,0,0,1,3,0,0,0,0
López,MC,Leganés,32,0.92,12,1.109.141,1.069.399,2.46,13,355,0,1,1,7,5,2,0,23,56,0,7,0,0,0,0,0,0,0,0
Ferran Torres,DL,FC Barcelona,32,1.38,11,3.140.569,2.993.613,4.00,8,329,1,2,1,2,0,7,5,7,36,0,8,1,0,0,0,0,0,0,0
Lucas Vázquez,DF,Real Madrid,32,1.17,14,16.239.054,15.399.280,2.67,12,443,1,1,2,4,2,5,1,20,59,0,9,0,0,0,1,0,0,0,0
Jaureguizar,MC,Athletic Club,32,1.20,12,870.684,849.638,3.20,10,610,1,0,0,2,6,5,1,42,90,0,6,1,0,0,3,0,0,0,0
Costa,DF,Villarreal CF,32,1.50,12,3.989.176,3.918.960,4.00,8,704,1,0,0,0,28,0,2,29,58,0,12,0,0,1,1,0,0,0,0
Michel,DT,Girona,31,0,0,929.462,903.808,2.38,13,0,0,0,0,0,0,0,0,0,0,0,0,0,0,0,0,0,0,0,0
Hugo Sotelo,MC,Celta de Vigo,31,0.92,12,650.333,646.563,2.38,13,560,0,0,1,6,3,3,0,37,69,0,8,0,0,0,3,0,0,0,0
Imanol Alguacil,DT,Real Sociedad,31,0,0,771.779,758.487,2.38,13,0,0,0,0,0,0,0,0,0,0,0,0,0,0,0,0,0,0,0,0
Barrenetxea,MC,Real Sociedad,31,1.40,14,2.168.712,2.092.244,3.10,10,436,0,1,1,4,8,7,2,32,90,0,5,0,0,1,1,0,0,0,0
Jagoba Arrasate,DT,Mallorca,31,0,0,626.847,624.917,2.38,13,0,0,0,0,0,0,0,0,0,0,0,0,0,0,0,0,0,0,0,0
Juric,MC,Valladolid,31,0.62,8,810.236,793.929,2.38,13,641,0,0,1,0,21,4,0,40,51,0,15,0,0,0,4,0,0,0,0
Enzo Barrenechea,MC,Valencia CF,25,1.00,7,1.649.732,1.588.396,3.57,7,344,1,0,0,0,6,1,1,17,39,0,6,0,0,0,2,0,1,0,0
Unai G,MC,Athletic Club,24,0.69,9,659.952,655.427,1.85,13,355,0,1,0,2,4,4,0,10,50,0,6,0,0,0,1,0,0,0,0
Iker,MC,Real Betis,24,0.77,10,700.532,692.826,1.85,13,242,0,0,1,1,2,2,1,19,38,0,4,0,0,0,0,0,0,0,0
Ibañez,MC,Osasuna,24,0.69,9,722.820,713.366,1.85,13,399,0,1,1,1,9,3,2,32,56,0,9,0,0,0,1,0,0,0,0
Guerra,MC,Valencia CF,24,0.73,8,2.071.272,1.970.642,2.18,11,525,0,0,0,2,13,5,0,25,88,0,10,0,0,0,1,0,0,0,0
Dani Gómez,DL,Valencia CF,24,0.64,7,726.086,716.377,2.18,11,401,1,0,0,0,3,1,4,9,32,0,6,0,0,0,0,0,0,0,0
Gumbau,MC,Rayo Vallecano,24,1.00,11,626.729,624.809,2.18,11,363,0,1,1,9,6,1,3,12,59,0,6,0,0,0,1,0,0,0,0
Abdón,DL,Mallorca,24,0.69,9,654.613,650.507,1.85,13,174,1,0,0,0,3,0,4,9,22,0,1,0,0,0,2,0,0,0,0
Ricardo Rodríguez,DF,Real Betis,24,0.77,10,1.990.125,1.889.437,1.85,13,336,0,0,0,2,11,3,0,21,41,0,3,0,0,0,0,0,0,0,0
Álvaro Djaló,DL,Athletic Club,24,0.73,8,1.185.307,1.142.598,2.18,11,344,1,0,2,2,0,8,2,9,57,0,5,0,0,0,0,0,0,0,0
Asprilla,DL,Girona,24,1.29,9,2.271.507,2.170.376,3.43,7,338,1,0,1,10,3,4,2,21,77,0,4,0,0,0,1,0,0,0,0
Jon Pacheco,DF,Real Sociedad,23,0.62,8,1.433.949,1.368.743,1.77,13,339,0,0,0,0,21,0,0,11,29,0,3,0,0,0,2,0,0,0,0
V Meseguer,MC,Valladolid,23,0.62,8,775.820,762.211,1.77,13,329,0,0,0,0,3,1,0,22,41,0,6,0,0,0,0,0,0,0,0
El Hilali,DF,Espanyol,23,1.00,12,1.597.047,1.523.957,1.92,12,1043,0,0,0,1,45,7,0,52,123,0,22,0,0,1,4,0,0,0,0
Javi Rodríguez,DF,Celta de Vigo,23,0.90,9,518.136,524.730,2.30,10,571,1,0,1,1,14,1,1,25,60,0,12,0,0,0,2,0,0,0,0
Vesga,MC,Athletic Club,22,1.10,11,940.108,913.619,2.20,10,358,0,0,1,0,4,2,0,32,50,0,4,0,0,0,1,0,0,0,0
Oriol Romeu,MC,Girona,22,0.78,7,849.800,832.953,2.44,9,425,0,0,1,1,7,1,0,23,36,0,6,0,0,0,3,0,0,0,0
Luis Garcia,DT,Alavés,22,0,0,797.657,782.336,1.69,13,0,0,0,0,0,0,0,0,0,0,0,0,0,0,0,0,0,0,0,0
Iván Villar,PO,Celta de Vigo,22,0.54,7,1.543.722,1.469.909,1.69,13,360,0,0,0,0,5,0,0,30,22,0,9,0,11,0,0,0,0,1,0
Balliu,DF,Rayo Vallecano,22,0.67,8,890.831,868.205,1.83,12,589,0,0,0,1,16,2,0,25,81,0,7,0,0,0,2,0,0,0,0
Carlos M,MC,Alavés,22,0.58,7,590.433,591.359,1.83,12,289,1,0,0,1,3,2,3,11,46,0,3,0,0,0,1,0,0,0,0
Ladislav Krejcí,DF,Girona,21,0.83,10,2.141.343,2.026.089,1.75,12,459,0,0,0,1,20,0,2,30,58,0,6,0,0,0,2,0,1,0,0
Peque,DL,Equipo desconocido,21,0.54,7,1.141.752,1.099.454,1.62,13,503,0,0,1,1,0,4,2,21,60,0,8,0,0,1,1,0,0,0,0
Aguado,MC,Espanyol,21,0.67,8,726.077,716.368,1.75,12,288,0,0,0,4,5,3,0,25,41,0,6,0,0,0,1,0,0,0,0
Gragera,MC,Espanyol,21,0.50,5,541.818,546.555,2.10,10,569,0,0,0,0,13,0,0,22,33,0,12,0,0,0,0,0,0,0,0
Azpilicueta,DF,Atlético de Madrid,21,1.14,8,2.426.971,2.331.790,3.00,7,392,0,0,0,1,10,0,1,7,40,0,3,0,0,0,0,0,0,0,0
Anuar,MC,Valladolid,21,1.40,7,510.268,517.478,4.20,5,318,1,0,0,0,2,0,2,16,25,0,5,0,0,0,2,0,1,0,0
Jailson,MC,Celta de Vigo,20,1.00,9,713.834,705.085,2.22,9,453,0,0,0,0,18,3,1,30,41,0,11,0,0,0,0,0,0,0,1
Aritz,DF,Real Sociedad,20,0.80,8,766.229,753.372,2.00,10,274,0,0,0,0,12,0,0,16,32,0,3,0,0,0,0,0,0,0,0
Amath,DL,Valladolid,20,0.46,6,983.500,953.609,1.54,13,295,0,1,0,1,0,4,2,13,33,0,6,0,0,0,0,0,0,0,0
Pau Victor,MC,FC Barcelona,20,0.50,6,868.440,847.570,1.67,12,138,1,1,0,0,3,6,3,11,23,0,4,0,0,0,2,0,0,0,0
Manu Sánchez,DF,Alavés,20,0.92,11,1.046.916,1.012.053,1.67,12,943,0,0,1,8,17,2,0,51,152,0,18,0,0,1,4,0,0,0,0
Unai Nuñez,DF,Athletic Club,20,0.60,6,1.472.541,1.404.309,2.00,10,270,0,0,0,0,13,1,1,26,21,0,2,0,0,0,1,0,0,0,0
Walid Cheddira,DL,Espanyol,20,0.67,6,771.298,758.043,2.22,9,329,0,1,1,0,5,2,0,9,39,0,4,0,0,0,2,0,1,0,0
Nastasic,DF,Leganés,20,0.75,6,882.823,860.825,2.50,8,675,0,0,0,0,42,1,0,23,60,0,13,0,0,1,2,0,0,0,0
Januzaj,MC,Las Palmas,20,1.80,9,1.038.264,1.004.080,4.00,5,256,0,1,0,9,1,4,2,11,64,0,3,0,0,0,2,0,0,0,0
Ilaix,MC,Celta de Vigo,19,0.75,9,621.540,620.027,1.58,12,434,0,0,1,1,7,3,1,21,48,0,9,0,0,0,2,1,0,0,0
Carlos Domínguez,DF,Celta de Vigo,19,0.75,9,737.721,727.099,1.58,12,343,0,0,0,0,19,0,1,9,35,0,6,0,0,0,0,0,0,0,1
Manquillo,DF,Celta de Vigo,19,0.55,6,518.733,525.280,1.73,11,488,0,0,0,1,15,0,0,21,38,0,9,0,0,0,1,0,0,0,0
Benito J,MC,Las Palmas,19,0.62,8,503.034,510.812,1.46,13,236,0,0,0,7,9,0,0,20,46,0,5,0,0,0,1,0,0,0,0
Diego,DL,Leganés,19,0.55,6,557.314,560.836,1.73,11,182,1,0,0,0,2,0,3,1,25,0,3,0,0,0,0,0,0,0,0
Héctor Fort,DF,FC Barcelona,19,0.50,6,1.075.922,1.048.395,1.58,12,190,0,0,1,2,4,1,0,7,17,0,3,0,0,0,0,0,0,0,0
Nteka,MC,Rayo Vallecano,19,0.50,6,619.371,618.027,1.58,12,290,0,0,0,0,3,0,1,8,33,0,3,0,0,0,1,0,0,0,0
Asano,DL,Mallorca,19,1.17,7,1.184.304,1.138.670,3.17,6,321,0,0,0,0,3,3,4,17,44,0,3,0,0,0,0,0,0,0,0
Calero,DF,Espanyol,19,0.63,5,806.087,790.106,2.38,8,186,0,0,0,0,20,0,0,8,16,0,1,0,0,0,0,0,0,0,0
Munir,DL,Leganés,19,0.60,6,876.660,855.146,1.90,10,298,1,0,0,0,1,1,2,16,47,0,4,0,0,0,1,0,0,0,0
Ander Herrera,MC,Athletic Club,18,0.67,8,556.117,559.732,1.50,12,256,0,0,0,0,9,1,4,17,26,1,2,0,0,0,2,0,0,0,0
Pica,DF,Alavés,18,0.64,7,498.017,506.187,1.64,11,402,0,0,0,0,16,1,1,16,36,0,5,0,0,0,1,0,0,0,0
Damian,MC,Celta de Vigo,18,1.00,10,904.439,880.747,1.80,10,282,0,0,0,4,5,0,0,11,39,0,8,0,0,0,0,0,0,0,0
Idumbo,MC,Equipo desconocido,18,0.67,6,567.951,570.639,2.00,9,116,1,0,0,0,0,4,1,8,20,0,2,0,0,0,0,0,0,0,0
Enzo Barrenechea,MC,Valencia CF,25,1.00,7,1.649.732,1.588.396,3.57,7,344,1,0,0,0,6,1,1,17,39,0,6,0,0,0,2,0,1,0,0
Unai G,MC,Athletic Club,24,0.69,9,659.952,655.427,1.85,13,355,0,1,0,2,4,4,0,10,50,0,6,0,0,0,1,0,0,0,0
Iker,MC,Real Betis,24,0.77,10,700.532,692.826,1.85,13,242,0,0,1,1,2,2,1,19,38,0,4,0,0,0,0,0,0,0,0
Ibañez,MC,Osasuna,24,0.69,9,722.820,713.366,1.85,13,399,0,1,1,1,9,3,2,32,56,0,9,0,0,0,1,0,0,0,0
Guerra,MC,Valencia CF,24,0.73,8,2.071.272,1.970.642,2.18,11,525,0,0,0,2,13,5,0,25,88,0,10,0,0,0,1,0,0,0,0
Dani Gómez,DL,Valencia CF,24,0.64,7,726.086,716.377,2.18,11,401,1,0,0,0,3,1,4,9,32,0,6,0,0,0,0,0,0,0,0
Gumbau,MC,Rayo Vallecano,24,1.00,11,626.729,624.809,2.18,11,363,0,1,1,9,6,1,3,12,59,0,6,0,0,0,1,0,0,0,0
Abdón,DL,Mallorca,24,0.69,9,654.613,650.507,1.85,13,174,1,0,0,0,3,0,4,9,22,0,1,0,0,0,2,0,0,0,0
Ricardo Rodríguez,DF,Real Betis,24,0.77,10,1.990.125,1.889.437,1.85,13,336,0,0,0,2,11,3,0,21,41,0,3,0,0,0,0,0,0,0,0
Álvaro Djaló,DL,Athletic Club,24,0.73,8,1.185.307,1.142.598,2.18,11,344,1,0,2,2,0,8,2,9,57,0,5,0,0,0,0,0,0,0,0
Asprilla,DL,Girona,24,1.29,9,2.271.507,2.170.376,3.43,7,338,1,0,1,10,3,4,2,21,77,0,4,0,0,0,1,0,0,0,0
Jon Pacheco,DF,Real Sociedad,23,0.62,8,1.433.949,1.368.743,1.77,13,339,0,0,0,0,21,0,0,11,29,0,3,0,0,0,2,0,0,0,0
V Meseguer,MC,Valladolid,23,0.62,8,775.820,762.211,1.77,13,329,0,0,0,0,3,1,0,22,41,0,6,0,0,0,0,0,0,0,0
El Hilali,DF,Espanyol,23,1.00,12,1.597.047,1.523.957,1.92,12,1043,0,0,0,1,45,7,0,52,123,0,22,0,0,1,4,0,0,0,0
Javi Rodríguez,DF,Celta de Vigo,23,0.90,9,518.136,524.730,2.30,10,571,1,0,1,1,14,1,1,25,60,0,12,0,0,0,2,0,0,0,0
Vesga,MC,Athletic Club,22,1.10,11,940.108,913.619,2.20,10,358,0,0,1,0,4,2,0,32,50,0,4,0,0,0,1,0,0,0,0
Oriol Romeu,MC,Girona,22,0.78,7,849.800,832.953,2.44,9,425,0,0,1,1,7,1,0,23,36,0,6,0,0,0,3,0,0,0,0
Luis Garcia,DT,Alavés,22,0,0,797.657,782.336,1.69,13,0,0,0,0,0,0,0,0,0,0,0,0,0,0,0,0,0,0,0,0
Iván Villar,PO,Celta de Vigo,22,0.54,7,1.543.722,1.469.909,1.69,13,360,0,0,0,0,5,0,0,30,22,0,9,0,11,0,0,0,0,1,0
Balliu,DF,Rayo Vallecano,22,0.67,8,890.831,868.205,1.83,12,589,0,0,0,1,16,2,0,25,81,0,7,0,0,0,2,0,0,0,0
Carlos M,MC,Alavés,22,0.58,7,590.433,591.359,1.83,12,289,1,0,0,1,3,2,3,11,46,0,3,0,0,0,1,0,0,0,0
Ladislav Krejcí,DF,Girona,21,0.83,10,2.141.343,2.026.089,1.75,12,459,0,0,0,1,20,0,2,30,58,0,6,0,0,0,2,0,1,0,0
Peque,DL,Equipo desconocido,21,0.54,7,1.141.752,1.099.454,1.62,13,503,0,0,1,1,0,4,2,21,60,0,8,0,0,1,1,0,0,0,0
Aguado,MC,Espanyol,21,0.67,8,726.077,716.368,1.75,12,288,0,0,0,4,5,3,0,25,41,0,6,0,0,0,1,0,0,0,0
Gragera,MC,Espanyol,21,0.50,5,541.818,546.555,2.10,10,569,0,0,0,0,13,0,0,22,33,0,12,0,0,0,0,0,0,0,0
Azpilicueta,DF,Atlético de Madrid,21,1.14,8,2.426.971,2.331.790,3.00,7,392,0,0,0,1,10,0,1,7,40,0,3,0,0,0,0,0,0,0,0
Anuar,MC,Valladolid,21,1.40,7,510.268,517.478,4.20,5,318,1,0,0,0,2,0,2,16,25,0,5,0,0,0,2,0,1,0,0
Jailson,MC,Celta de Vigo,20,1.00,9,713.834,705.085,2.22,9,453,0,0,0,0,18,3,1,30,41,0,11,0,0,0,0,0,0,0,1
Aritz,DF,Real Sociedad,20,0.80,8,766.229,753.372,2.00,10,274,0,0,0,0,12,0,0,16,32,0,3,0,0,0,0,0,0,0,0
Amath,DL,Valladolid,20,0.46,6,983.500,953.609,1.54,13,295,0,1,0,1,0,4,2,13,33,0,6,0,0,0,0,0,0,0,0
Pau Victor,MC,FC Barcelona,20,0.50,6,868.440,847.570,1.67,12,138,1,1,0,0,3,6,3,11,23,0,4,0,0,0,2,0,0,0,0
Manu Sánchez,DF,Alavés,20,0.92,11,1.046.916,1.012.053,1.67,12,943,0,0,1,8,17,2,0,51,152,0,18,0,0,1,4,0,0,0,0
Unai Nuñez,DF,Athletic Club,20,0.60,6,1.472.541,1.404.309,2.00,10,270,0,0,0,0,13,1,1,26,21,0,2,0,0,0,1,0,0,0,0
Walid Cheddira,DL,Espanyol,20,0.67,6,771.298,758.043,2.22,9,329,0,1,1,0,5,2,0,9,39,0,4,0,0,0,2,0,1,0,0
Nastasic,DF,Leganés,20,0.75,6,882.823,860.825,2.50,8,675,0,0,0,0,42,1,0,23,60,0,13,0,0,1,2,0,0,0,0
Januzaj,MC,Las Palmas,20,1.80,9,1.038.264,1.004.080,4.00,5,256,0,1,0,9,1,4,2,11,64,0,3,0,0,0,2,0,0,0,0
Ilaix,MC,Celta de Vigo,19,0.75,9,621.540,620.027,1.58,12,434,0,0,1,1,7,3,1,21,48,0,9,0,0,0,2,1,0,0,0
Carlos Domínguez,DF,Celta de Vigo,19,0.75,9,737.721,727.099,1.58,12,343,0,0,0,0,19,0,1,9,35,0,6,0,0,0,0,0,0,0,1
Manquillo,DF,Celta de Vigo,19,0.55,6,518.733,525.280,1.73,11,488,0,0,0,1,15,0,0,21,38,0,9,0,0,0,1,0,0,0,0
Benito J,MC,Las Palmas,19,0.62,8,503.034,510.812,1.46,13,236,0,0,0,7,9,0,0,20,46,0,5,0,0,0,1,0,0,0,0
Diego,DL,Leganés,19,0.55,6,557.314,560.836,1.73,11,182,1,0,0,0,2,0,3,1,25,0,3,0,0,0,0,0,0,0,0
Héctor Fort,DF,FC Barcelona,19,0.50,6,1.075.922,1.048.395,1.58,12,190,0,0,1,2,4,1,0,7,17,0,3,0,0,0,0,0,0,0,0
Nteka,MC,Rayo Vallecano,19,0.50,6,619.371,618.027,1.58,12,290,0,0,0,0,3,0,1,8,33,0,3,0,0,0,1,0,0,0,0
Asano,DL,Mallorca,19,1.17,7,1.184.304,1.138.670,3.17,6,321,0,0,0,0,3,3,4,17,44,0,3,0,0,0,0,0,0,0,0
Calero,DF,Espanyol,19,0.63,5,806.087,790.106,2.38,8,186,0,0,0,0,20,0,0,8,16,0,1,0,0,0,0,0,0,0,0
Munir,DL,Leganés,19,0.60,6,876.660,855.146,1.90,10,298,1,0,0,0,1,1,2,16,47,0,4,0,0,0,1,0,0,0,0
Ander Herrera,MC,Athletic Club,18,0.67,8,556.117,559.732,1.50,12,256,0,0,0,0,9,1,4,17,26,1,2,0,0,0,2,0,0,0,0
Pica,DF,Alavés,18,0.64,7,498.017,506.187,1.64,11,402,0,0,0,0,16,1,1,16,36,0,5,0,0,0,1,0,0,0,0
Damian,MC,Celta de Vigo,18,1.00,10,904.439,880.747,1.80,10,282,0,0,0,4,5,0,0,11,39,0,8,0,0,0,0,0,0,0,0
Idumbo,MC,Equipo desconocido,18,0.67,6,567.951,570.639,2.00,9,116,1,0,0,0,0,4,1,8,20,0,2,0,0,0,0,0,0,0,0
Borja Mayoral,DL,Espanyol,18,1.40,7,4.743.390,4.491.055,3.60,5,126,1,0,1,0,1,3,2,6,23,0,2,0,0,0,0,0,0,0,0
Gayá,DF,Valencia CF,18,3.00,6,3.632.740,3.651.391,9.00,2,99,0,1,1,1,4,0,0,11,20,0,1,0,0,0,0,0,0,0,0
Peter,MC,Espanyol,17,0.69,9,664.799,659.894,1.31,13,230,0,0,0,1,3,1,2,10,39,0,0,0,0,0,0,0,0,0,0
Juanpe,DF,Girona,17,0.54,7,618.036,616.798,1.31,13,271,0,0,0,0,20,0,0,8,21,0,5,0,0,0,1,0,0,0,0
Jose Bordalas,DT,Espanyol,17,0,0,532.857,538.297,1.55,11,0,0,0,0,0,0,0,0,0,0,0,0,0,0,0,0,0,0,0,0
Villalibre,DL,Alavés,17,0.38,5,611.576,610.844,1.31,13,210,1,0,0,0,4,0,2,3,19,0,7,0,0,0,0,0,0,0,0
A.sedlar,DF,Alavés,17,0.67,6,891.373,868.705,1.89,9,411,0,0,0,0,6,0,0,19,31,0,5,1,0,0,1,0,0,0,0
Juan Cruz,DF,Osasuna,17,0.50,6,532.217,537.706,1.42,12,378,0,0,0,2,12,0,0,8,42,0,5,0,0,0,1,0,0,0,0
Manolo González,DT,Espanyol,17,0,0,507.299,514.742,1.42,12,0,0,0,0,0,0,0,0,0,0,0,0,0,0,0,0,0,0,0,0
Adama,MC,Athletic Club,17,0.42,5,529.214,534.939,1.42,12,339,0,0,0,1,10,3,0,13,45,0,4,0,0,0,0,0,0,0,0
Lenglet,DF,Atlético de Madrid,17,0.40,4,1.632.966,1.667.586,1.70,10,307,0,0,0,0,14,1,0,19,27,0,2,0,0,0,4,0,0,0,0
Aleñá,MC,Espanyol,16,0.38,5,572.918,575.216,1.23,13,310,0,0,0,2,1,3,1,9,25,0,3,0,0,0,1,0,0,0,0
Cárdenas,PO,Rayo Vallecano,16,0.58,7,911.169,886.948,1.33,12,360,0,0,0,0,4,0,0,25,47,0,5,0,7,0,0,0,0,0,0
Lato,DF,Mallorca,16,0.64,7,538.459,543.459,1.45,11,263,0,0,0,9,9,0,0,14,50,0,2,1,0,0,0,0,0,0,0
Endrick,DL,Real Madrid,16,0.33,4,4.572.115,4.403.685,1.33,12,55,1,0,0,0,0,2,3,4,12,0,3,0,0,0,1,0,1,0,0
D. Torres,DF,Valladolid,16,0.38,5,517.748,524.372,1.23,13,696,0,0,0,0,31,0,0,11,54,0,11,0,0,0,4,0,0,0,1
Pezzolano,DT,Valladolid,16,0,0,525.108,531.155,1.33,12,0,0,0,0,0,0,0,0,0,0,0,0,0,0,0,0,0,0,0,0
Cömert,DF,Valladolid,16,0.69,9,840.902,822.191,1.23,13,801,0,0,0,0,26,2,0,26,63,0,22,0,0,0,4,0,0,0,0
A. Rebbach,MC,Alavés,16,0.50,6,514.875,521.724,1.33,12,360,0,0,0,4,5,3,2,16,69,0,7,0,0,0,1,0,0,0,0
Miovski,DL,Girona,16,0.27,3,912.524,888.197,1.45,11,426,0,0,0,1,4,0,1,4,17,0,6,0,0,0,0,0,1,0,0
Sébastien Haller,DL,Leganés,16,0.88,7,5.216.121,4.944.106,2.00,8,390,0,0,0,0,7,1,1,9,59,0,8,0,0,0,0,0,0,0,0
Jordán,MC,Alavés,16,1.33,12,525.631,531.637,1.78,9,325,0,1,1,3,5,2,1,17,80,0,8,0,0,0,1,0,0,0,0
James,MC,Rayo Vallecano,16,1.00,8,8.794.259,8.355.691,2.00,8,136,0,0,0,2,0,5,2,10,28,0,2,0,0,0,1,0,0,0,0
Bakambu,DL,Real Betis,16,0.56,5,1.229.844,1.180.639,1.78,9,216,0,0,0,0,1,0,4,2,28,0,2,0,0,0,0,0,0,0,0
Fekir,MC,Real Betis,15,3.00,6,31.263.474,31.263.474,7.50,2,180,0,1,1,5,0,0,1,3,30,0,1,0,0,0,0,0,0,0,0
William Carvalho,MC,Real Betis,15,1.50,6,853.999,834.261,3.75,4,250,0,0,0,0,4,2,1,19,40,0,1,0,0,0,0,0,0,0,0
Carreira,DF,Celta de Vigo,15,0.64,7,526.435,532.378,1.36,11,238,0,0,1,3,7,2,0,10,26,0,3,0,0,0,0,0,0,0,0
Marcao,DF,Equipo desconocido,15,0.64,7,523.211,529.407,1.36,11,456,0,0,0,0,23,0,0,28,38,0,11,0,0,1,2,1,0,0,0
Herzog,DF,Las Palmas,15,0.31,4,554.493,558.236,1.15,13,376,0,0,0,0,20,0,0,22,26,0,8,0,0,0,0,0,0,0,0
Marvin,MC,Las Palmas,15,0.83,5,614.039,613.114,2.50,6,411,0,0,1,4,11,1,0,29,61,0,9,0,0,1,1,0,0,0,0
Foulquier,DF,Valencia CF,15,0.73,8,599.012,599.265,1.36,11,478,0,0,0,1,5,4,1,23,93,0,8,0,0,0,2,0,0,0,0
Sadiq,DL,Real Sociedad,15,0.38,5,655.226,651.072,1.15,13,205,0,0,1,0,2,5,0,7,41,0,2,0,0,0,1,0,0,0,0
Cabrera,DF,Espanyol,15,1.13,9,718.745,709.611,1.88,8,630,0,0,0,0,39,0,0,30,106,0,15,0,0,0,1,0,0,0,0
Fermin,MC,FC Barcelona,15,1.00,7,6.206.269,6.068.123,2.14,7,229,0,0,1,2,1,1,1,14,28,0,3,0,0,0,1,0,0,0,0
Suso,DL,Equipo desconocido,15,1.60,8,540.620,545.451,3.00,5,95,0,0,0,3,0,6,1,12,24,0,0,0,0,0,0,0,0,0,0
Lekue,DF,Athletic Club,14,0.54,7,595.634,596.152,1.08,13,315,0,0,0,0,12,1,0,18,47,0,4,0,0,0,1,0,0,0,0
Portu,DL,Girona,14,0.57,4,810.580,794.246,1.75,7,161,0,1,1,0,1,1,0,7,13,0,4,0,0,0,1,0,0,0,0
Guillamón,MC,Valencia CF,14,0.45,5,651.670,647.794,1.27,11,313,0,0,0,1,6,0,0,21,37,0,5,0,0,0,2,0,0,0,0
Trejo,MC,Rayo Vallecano,14,0.58,7,574.714,576.872,1.17,12,150,0,0,1,1,0,4,0,9,36,0,1,0,0,0,0,0,0,0,0
Terrats,MC,Villarreal CF,14,0.50,6,535.171,540.429,1.17,12,74,0,0,0,0,3,1,0,9,22,0,2,0,0,0,1,0,0,0,0
Pablo Durán,DL,Celta de Vigo,14,0.56,5,532.933,538.367,1.56,9,181,0,1,0,1,2,1,0,9,14,0,2,0,0,0,0,0,0,0,0
Álvaro,DL,Espanyol,14,1.33,8,623.066,621.433,2.33,6,192,0,0,1,0,2,4,3,6,38,0,1,0,0,0,1,0,0,0,0
Yarek,DF,Valencia CF,13,0.36,4,4.244.083,718.719,1.18,11,285,0,0,0,0,14,0,0,16,32,0,6,0,0,0,0,0,0,0,0
Yarek,DF,Valencia CF,13,0.36,4,728.628,718.719,1.18,11,285,0,0,0,0,14,0,0,16,32,0,6,0,0,0,0,0,0,0,0
Rubén Baraja,DT,Valencia CF,13,0,0,670.112,664.791,1.18,11,0,0,0,0,0,0,0,0,0,0,0,0,0,0,0,0,0,0,0,0
Aihen,DF,Real Sociedad,13,0.33,4,538.563,543.555,1.00,12,211,0,0,0,1,8,1,0,10,35,0,1,0,0,0,1,0,0,0,0
Pol Lozano,MC,Espanyol,13,0.45,5,530.694,536.303,1.18,11,563,0,0,0,4,9,0,0,29,64,0,12,0,0,0,4,0,0,0,0
Bailly,DF,Villarreal CF,13,0.78,7,1.051.814,1.020.195,1.44,9,534,0,0,0,0,24,2,0,22,33,0,13,0,0,1,2,0,0,0,0
Gerard,DL,Villarreal CF,13,2.00,6,5.947.421,5.840.436,4.33,3,116,0,1,2,0,0,1,3,2,16,0,4,0,0,0,0,0,0,0,0
Saúl,MC,Equipo desconocido,13,1.75,7,1.062.677,1.026.579,3.25,4,322,0,1,0,0,4,2,3,15,45,0,4,1,0,0,1,0,0,0,0
Martín,DF,FC Barcelona,13,0.50,5,517.888,524.501,1.30,10,186,0,1,0,1,9,0,0,6,25,0,4,0,0,0,1,0,0,0,0
Canós,DL,Valencia CF,13,0.75,6,580.139,581.872,1.63,8,181,0,0,0,1,1,1,3,20,56,0,5,0,0,0,1,0,0,0,0
Juanmi,DL,Real Betis,12,0.33,4,882.658,860.673,1.00,12,157,0,0,1,0,3,4,1,9,17,0,3,0,0,0,2,0,0,0,0
Rodri,MC,Real Betis,12,1.67,5,2.150.231,2.150.231,3.00,3,117,0,0,0,4,1,1,2,11,20,0,2,0,0,0,0,0,0,0,0
Yellu,MC,Espanyol,12,0.38,5,534.885,540.166,0.92,13,209,0,0,0,1,2,0,0,10,27,0,2,0,0,0,1,0,0,0,0
Ocampos,DL,Equipo desconocido,12,2.50,5,10.524.242,10.524.242,6.00,2,176,0,1,1,1,1,3,2,6,38,0,3,0,0,0,0,0,0,0,0
Dinko Horkas,PO,Las Palmas,12,0.27,3,689.586,682.738,1.09,11,210,0,0,0,0,3,0,0,18,15,0,5,0,4,1,1,0,0,1,0
Herrando,DF,Osasuna,12,0.38,5,943.269,916.532,0.92,13,366,0,0,0,0,14,0,1,7,44,0,6,0,0,0,2,0,0,0,0
Machis,DL,Valladolid,12,0.45,5,660.775,656.186,1.09,11,272,0,0,0,5,1,1,0,12,49,0,2,0,0,0,0,0,0,0,0
Juan Bernat,DF,Villarreal CF,12,0.50,4,987.179,957.000,1.50,8,17,0,1,0,0,0,0,0,2,8,0,0,0,0,0,0,0,0,0,0
Kike Salas,DF,Equipo desconocido,11,0.54,7,641.683,638.591,0.85,13,376,0,0,0,0,17,0,0,18,71,0,6,0,0,0,1,0,0,0,0
Mata,DL,Las Palmas,11,0.15,2,629.744,627.587,0.85,13,225,0,0,0,1,1,2,2,8,25,0,6,0,0,0,2,0,0,0,0
Carrion,DT,Las Palmas,11,0,0,480.170,480.170,1.10,10,0,0,0,0,0,0,0,0,0,0,0,0,0,0,0,0,0,0,0,0
J. Chicco,MC,Leganés,11,0.31,4,508.171,515.546,0.85,13,131,0,0,0,0,0,2,0,5,16,0,3,0,0,0,0,0,0,0,0
Rafa Mir,DL,Valencia CF,11,0.75,3,957.255,929.422,2.75,4,241,0,1,1,1,5,0,1,1,26,0,6,0,0,0,1,0,0,0,0
Espino,DF,Rayo Vallecano,11,1.25,5,735.566,725.113,2.75,4,305,0,0,0,0,7,3,1,22,60,0,4,0,0,0,1,0,0,0,0
Padilla,PO,Athletic Club,11,0.58,7,643.168,639.959,0.92,12,230,0,0,0,0,2,0,0,21,38,0,5,0,11,0,0,0,0,0,1
Mouriño,DF,Alavés,11,0.45,5,527.667,533.513,1.00,11,275,0,0,0,1,11,2,1,21,25,0,7,0,0,0,1,0,0,0,0
Iheanacho,DL,Equipo desconocido,11,0.30,3,1.267.475,1.215.320,1.10,10,280,0,0,0,0,1,2,0,7,28,0,4,0,0,0,0,0,0,0,0
Valentín Barco,DF,Equipo desconocido,11,0.70,7,1.569.409,1.496.127,1.10,10,276,0,0,0,4,2,2,0,18,67,0,4,0,0,0,0,0,0,0,0
Pau Navarro,DF,Villarreal CF,11,0.38,3,498.033,506.203,1.38,8,127,0,0,0,0,7,0,0,5,12,0,1,0,0,0,0,0,0,0,0
Alfon,DL,Celta de Vigo,11,0.50,4,511.598,518.704,1.38,8,106,0,0,2,1,0,3,1,2,14,0,3,0,0,0,0,0,0,0,0
Almena,MC,Equipo desconocido,10,2.00,4,614.077,614.077,5.00,2,46,0,1,1,0,2,2,0,2,11,0,1,0,0,0,0,0,0,0,0
Jhon Solis,MC,Equipo desconocido,10,0.56,5,503.761,511.482,1.11,9,287,0,0,0,1,4,3,0,18,32,0,8,0,0,0,0,0,0,0,0
Mika Marmol,DF,Las Palmas,10,0.80,8,1.450.594,1.384.083,1.00,10,509,0,0,0,4,16,1,0,22,66,0,12,0,0,1,2,0,0,0,0
Ceballos,MC,Real Madrid,10,0.50,4,556.195,559.804,1.25,8,78,0,0,0,1,0,2,0,6,11,0,0,0,0,0,0,0,0,0,0
Marcos André,DL,Valladolid,10,0.33,4,519.648,526.123,0.83,12,291,0,0,0,0,2,3,0,15,35,0,8,0,0,0,2,0,0,0,0
Juan Musso,PO,Atlético de Madrid,10,0.27,3,722.550,713.117,0.91,11,90,0,0,0,0,0,0,0,6,6,0,0,0,1,0,0,0,0,0,0
Alberto,MC,Espanyol,10,0.86,6,511.598,518.704,1.43,7,49,0,0,0,3,0,1,1,5,19,0,0,0,0,0,0,0,0,0,0
Ansu Fati,DL,FC Barcelona,10,0.50,4,2.535.038,2.418.910,1.25,8,125,0,0,0,0,0,2,3,4,20,0,0,0,0,0,1,0,0,0,0
Nyom,DF,Espanyol,10,1.00,4,3.875.001,3.711.013,2.50,4,200,0,0,0,4,1,1,0,13,27,0,2,0,0,0,1,0,0,0,0
Diego Martínez,DT,Las Palmas,10,0,0,906.251,882.416,3.33,3,0,0,0,0,0,0,0,0,0,0,0,0,0,0,0,0,0,0,0,0
Latasa,DL,Valladolid,9,0.40,4,842.231,823.416,0.90,10,435,0,0,0,0,5,3,0,10,61,0,12,0,0,0,4,0,0,0,0
A Fernández,PO,Equipo desconocido,8,0.38,5,788.864,777.218,0.62,13,206,0,0,0,0,2,0,0,28,48,0,3,0,4,0,0,0,0,0,0
Loiodice,MC,Las Palmas,8,0.36,4,615.027,614.024,0.73,11,231,0,0,0,3,3,0,0,9,48,0,8,0,0,0,1,0,0,0,0
Arambarri,DF,Leganés,8,1.00,3,884.757,3.892.569,2.67,3,178,0,0,0,0,9,0,0,7,17,0,2,0,0,0,0,0,0,0,0
Cenk,DF,Valladolid,8,0.50,3,570.777,573.243,1.33,6,106,0,0,0,0,6,0,0,15,2,0,3,0,0,0,0,0,0,0,0
B. Olivan,DF,Espanyol,8,0.50,6,559.118,562.498,0.67,12,331,0,1,0,3,8,0,1,11,59,0,10,0,0,0,0,0,0,0,0
Jose Arnaiz,DL,Osasuna,8,0.36,4,519.082,525.602,0.73,11,24,0,0,1,1,0,0,0,7,8,0,1,0,0,0,0,0,0,0,0
Denis Suárez,MC,Villarreal CF,8,0.60,3,539.375,544.303,1.60,5,81,0,0,0,2,1,2,0,2,8,0,1,0,0,0,0,0,0,0,0
De Jong,MC,FC Barcelona,8,0.80,4,21.607.641,20.696.219,1.60,5,133,0,0,0,0,0,1,0,2,12,0,2,0,0,0,0,0,0,0,0
Selvi,MC,Equipo desconocido,8,1.00,4,300.000,300.000,2.00,4,155,0,0,0,0,6,2,1,5,23,0,3,0,0,0,0,0,0,0,0
Luka,MC,Alavés,7,0.23,3,788.211,773.631,0.54,13,184,0,0,0,1,0,1,0,10,24,1,5,0,0,0,0,0,1,0,0
Moussa Diarra,DF,Alavés,7,0.38,5,575.679,577.761,0.54,13,560,0,0,0,2,4,0,0,24,50,0,12,0,0,0,2,0,0,0,0
Ristic,DF,Celta de Vigo,7,0.40,2,501.448,509.350,1.40,5,112,0,0,0,0,4,1,0,4,22,0,1,0,0,0,0,0,0,0,0
Marc,DL,Las Palmas,7,0.23,3,554.340,558.096,0.54,13,64,0,0,0,0,0,0,0,3,7,0,3,0,0,0,1,0,0,0,0
Olasagasti,MC,Real Sociedad,7,0.23,3,514.959,521.802,0.54,13,72,0,0,0,0,1,1,0,4,7,0,0,0,0,0,0,0,0,0,0
Pablo Marín,MC,Real Sociedad,7,0.33,3,574.717,576.874,0.78,9,42,0,0,0,0,0,2,0,6,12,0,0,0,0,0,0,0,0,0,0
Pere Milla,DL,Espanyol,7,0.25,3,613.498,612.615,0.58,12,206,0,0,0,2,1,1,1,12,45,0,5,0,0,0,2,0,0,0,0
Martín Tejón,MC,Valencia CF,6,0.25,2,498.932,507.031,0.75,8,45,0,0,0,0,0,2,1,4,11,0,1,0,0,0,0,0,0,0,0
Christensen,DF,FC Barcelona,0,0,0,1.382.910,1.321.706,0.00,1,26,0,0,0,0,1,0,0,1,2,0,0,0,0,0,1,0,0,0,0
De Zárate,DF,Real Sociedad,0,0.20,1,512.139,519.203,0.00,5,45,0,0,0,0,0,0,0,0,9,0,0,0,0,0,1,0,0,0,0
Marrero,PO,Real Sociedad,0,0,0,506.277,513.800,0.00,13,0,0,0,0,0,0,0,0,0,0,0,0,0,0,0,0,0,0,0,0
Cuellar,PO,Mallorca,0,0,0,516.180,522.927,0.00,9,0,0,0,0,0,0,0,0,0,0,0,0,0,0,0,0,0,0,0,0
Heyden,DF,Mallorca,0,0,0,505.686,513.256,0.00,7,0,0,0,0,0,0,0,0,0,0,0,0,0,0,0,0,0,0,0,0
Pacheco,PO,Espanyol,0,0,0,619.932,618.545,0.00,11,0,0,0,0,0,0,0,0,0,0,0,0,0,0,0,0,0,0,0,0
C De La Hoz,MC,Valladolid,0,0,0,501.092,509.021,0.00,3,0,0,0,0,0,0,0,0,0,0,0,0,0,0,0,0,0,0,0,0
Biuk,DL,Valladolid,0,0,0,710.817,710.817,0.00,1,0,0,0,0,0,0,0,0,0,0,0,0,0,0,0,0,0,0,0,0
Sánchez,MC,Espanyol,0,0,0,516.212,522.957,0.00,10,0,0,0,0,0,0,0,0,0,0,0,0,0,0,0,0,0,0,0,0
Fortuño,PO,Espanyol,0,0,0,558.160,561.616,0.00,12,0,0,0,0,0,0,0,0,0,0,0,0,0,0,0,0,0,0,0,0
Omar,DL,Espanyol,0,0,0,500.746,508.703,0.00,1,0,0,0,0,0,0,0,0,0,0,0,0,0,0,0,0,0,0,0,0
Bauza,MC,Espanyol,0,0,0,500.746,508.703,0.00,8,62,0,0,0,0,2,1,0,2,6,0,3,0,0,0,1,0,0,0,0
A Rafús,PO,Valladolid,0,0,0,497.206,505.441,0.00,1,0,0,0,0,0,0,0,0,0,0,0,0,0,0,0,0,0,0,0,0
Moldovan,PO,Atlético de Madrid,0,0,0,684.796,684.796,0.00,1,0,0,0,0,0,0,0,0,0,0,0,0,0,0,0,0,0,0,0,0
Gomis,PO,Atlético de Madrid,0,0,0,500.279,508.273,0.00,13,0,0,0,0,0,0,0,0,0,0,0,0,0,0,0,0,0,0,0,0
Kostis,DF,Atlético de Madrid,0,0,0,500.261,508.256,0.00,4,0,0,0,0,0,0,0,0,0,0,0,0,0,0,0,0,0,0,0,0
Vermeeren,MC,Atlético de Madrid,0,0,0,2.351.996,2.351.996,0.00,1,0,0,0,0,0,0,0,0,0,0,0,0,0,0,0,0,0,0,0,0
Gastesi,PO,Athletic Club,0,0,0,508.874,516.194,0.00,2,0,0,0,0,0,0,0,0,0,0,0,0,0,0,0,0,0,0,0,0
Àlex Valle,DF,FC Barcelona,0,0,0,1.108.916,1.108.916,0.00,1,0,0,0,0,0,0,0,0,0,0,0,0,0,0,0,0,0,0,0,0
RDT,DL,Rayo Vallecano,0,0,0,546.983,551.315,0.00,10,0,0,0,0,0,0,0,0,0,0,0,0,0,0,0,0,0,0,0,0
Jirí Letácek,PO,Espanyol,0,0,0,575.748,577.825,0.00,12,0,0,0,0,0,0,0,0,0,0,0,0,0,0,0,0,0,0,0,0
Jacobo,DF,Real Madrid,0,0,0,505.476,513.062,0.00,6,0,0,0,0,0,0,0,0,0,0,0,0,0,0,0,0,0,0,0,0
André F,PO,Valladolid,0,0,0,570.120,2.500.000,0.00,12,0,0,0,0,0,0,0,0,0,0,0,0,0,0,0,0,0,0,0,0
André F,PO,Valladolid,0,0,0,2.500.000,2.500.000,0.00,12,0,0,0,0,0,0,0,0,0,0,0,0,0,0,0,0,0,0,0,0
Alvin,PO,Leganés,0,0,0,494.301,502.763,0.00,10,0,0,0,0,0,0,0,0,0,0,0,0,0,0,0,0,0,0,0,0
Catala,DF,Espanyol,0,0,0,499.645,507.688,0.00,1,0,0,0,0,0,0,0,0,0,0,0,0,0,0,0,0,0,0,0,0
Fraga,PO,Real Sociedad,0,0,0,509.239,516.531,0.00,1,0,0,0,0,0,0,0,0,0,0,0,0,0,0,0,0,0,0,0,0
Pau Lopez,PO,Girona,0,0,0,1.098.338,1.059.444,0.00,8,0,0,0,0,0,0,0,0,0,0,0,0,0,0,0,0,0,0,0,0
Koke,DF,Valladolid,0,0,0,500.261,508.256,0.00,1,0,0,0,0,0,0,0,0,0,0,0,0,0,0,0,0,0,0,0,0
Raúl J,PO,Valencia CF,0,0,0,509.100,516.402,0.00,1,0,0,0,0,0,0,0,0,0,0,0,0,0,0,0,0,0,0,0,0
Júnior R,PO,Villarreal CF,0,0,0,862.774,842.348,0.00,9,0,0,0,0,0,0,0,0,0,0,0,0,0,0,0,0,0,0,0,0
J Porozo,DF,Leganés,0,0,0,600.352,600.500,0.00,9,0,0,0,0,0,0,0,0,0,0,0,0,0,0,0,0,0,0,0,0
Cesar Fernández,PO,Celta de Vigo,0,0,0,513.676,520.619,0.00,2,0,0,0,0,0,0,0,0,0,0,0,0,0,0,0,0,0,0,0,0
Matias,PO,Equipo desconocido,0,0,0,495.312,503.695,0.00,4,0,0,0,0,0,0,0,0,0,0,0,0,0,0,0,0,0,0,0,0
Arana,PO,Real Sociedad,0,0,0,501.497,509.395,0.00,1,0,0,0,0,0,0,0,0,0,0,0,0,0,0,0,0,0,0,0,0
Lucas,DF,Real Betis,0,0,0,505.364,512.959,0.00,3,0,0,0,0,0,0,0,0,0,0,0,0,0,0,0,0,0,0,0,0
Alberto F,PO,Equipo desconocido,0,0,0,506.171,513.702,0.00,6,0,0,0,0,0,0,0,0,0,0,0,0,0,0,0,0,0,0,0,0
P Ortiz,MC,Equipo desconocido,0,0,0,517.026,523.707,0.00,7,0,0,0,0,0,0,0,0,0,0,0,0,0,0,0,0,0,0,0,0
Collado,MC,Equipo desconocido,0,0,0,509.100,516.402,0.00,3,0,0,0,0,0,0,0,0,0,0,0,0,0,0,0,0,0,0,0,0
Kochen,PO,FC Barcelona,0,0,0,500.000,539.564,0.00,3,0,0,0,0,0,0,0,0,0,0,0,0,0,0,0,0,0,0,0,0
Andrés Cuenca,DF,FC Barcelona,0,0,0,509.413,516.691,0.00,4,0,0,0,0,0,0,0,0,0,0,0,0,0,0,0,0,0,0,0,0
De Las Sias,DF,Rayo Vallecano,0,0,0,503.460,511.204,0.00,3,0,0,0,0,0,0,0,0,0,0,0,0,0,0,0,0,0,0,0,0
Pelayo,DF,Rayo Vallecano,0,0,0,623.525,621.856,0.00,2,0,0,0,0,0,0,0,0,0,0,0,0,0,0,0,0,0,0,0,0
Coba,MC,Espanyol,0,0,0,492.609,501.204,0.00,3,0,0,0,0,0,0,0,0,0,0,0,0,0,0,0,0,0,0,0,0
Manu Bueno,MC,Equipo desconocido,0,0,0,800.000,800.000,0.00,1,0,0,0,0,0,0,0,0,0,0,0,0,0,0,0,0,0,0,0,0
Killane,PO,Las Palmas,0,0,0,498.033,506.203,0.00,2,0,0,0,0,0,0,0,0,0,0,0,0,0,0,0,0,0,0,0,0
Etta Eyong,MC,Villarreal CF,0,0,0,537.785,542.838,0.00,1,0,0,0,0,0,0,0,0,0,0,0,0,0,0,0,0,0,0,0,0
Pezzolesi,DF,Las Palmas,0,0,0,506.171,513.702,0.00,1,0,0,0,0,0,0,0,0,0,0,0,0,0,0,0,0,0,0,0,0
Victor Ruiz,DF,Espanyol,0,0,0,5.500.000,5.500.000,0.00,0,0,0,0,0,0,0,0,0,0,0,0,0,0,0,0,0,0,0,0,0
Hermoso,DF,Atlético de Madrid,0,0,0,16.000.000,16.000.000,0.00,0,0,0,0,0,0,0,0,0,0,0,0,0,0,0,0,0,0,0,0,0
Joel Roca,DL,Girona,0,0,0,717.695,717.695,0.00,0,0,0,0,0,0,0,0,0,0,0,0,0,0,0,0,0,0,0,0,0
Yan Couto,DF,Girona,0,0,0,27.500.000,27.500.000,0.00,0,0,0,0,0,0,0,0,0,0,0,0,0,0,0,0,0,0,0,0,0
Dovbyk,DL,Girona,0,0,0,63.597.134,63.597.134,0.00,0,0,0,0,0,0,0,0,0,0,0,0,0,0,0,0,0,0,0,0,0
Savic,DF,Atlético de Madrid,0,0,0,5.000.000,5.000.000,0.00,0,0,0,0,0,0,0,0,0,0,0,0,0,0,0,0,0,0,0,0,0
Rafa Marín,DF,Alavés,0,0,0,15.000.000,15.000.000,0.00,0,0,0,0,0,0,0,0,0,0,0,0,0,0,0,0,0,0,0,0,0
Gundogan,MC,FC Barcelona,0,0,0,41.942.969,41.942.969,0.00,0,0,0,0,0,0,0,0,0,0,0,0,0,0,0,0,0,0,0,0,0
Jaume Domenech,PO,Valencia CF,0,0,0,517.504,524.147,0.00,2,0,0,0,0,0,0,0,0,0,0,0,0,0,0,0,0,0,0,0,0
Diego Méndez,DF,Rayo Vallecano,0,0,0,300.000,300.000,0.00,0,0,0,0,0,0,0,0,0,0,0,0,0,0,0,0,0,0,0,0,0
Unai Simón,PO,Athletic Club,0,0,0,2.743.638,2.739.503,0.00,0,0,0,0,0,0,0,0,0,0,0,0,0,0,0,0,0,0,0,0,0
Á.valles,PO,Las Palmas,0,0,0,1.844.744,1.748.185,0.00,0,0,0,0,0,0,0,0,0,0,0,0,0,0,0,0,0,0,0,0,0
Araújo,DF,FC Barcelona,0,0,0,4.159.039,4.095.585,0.00,0,0,0,0,0,0,0,0,0,0,0,0,0,0,0,0,0,0,0,0,0
Diakhaby,DF,Valencia CF,0,0,0,534.087,539.430,0.00,0,0,0,0,0,0,0,0,0,0,0,0,0,0,0,0,0,0,0,0,0
Valencia,PO,Osasuna,0,0,0,500.000,500.000,0.00,0,0,0,0,0,0,0,0,0,0,0,0,0,0,0,0,0,0,0,0,0
Foyth,DF,Villarreal CF,0,0,0,875.105,853.712,0.00,0,0,0,0,0,0,0,0,0,0,0,0,0,0,0,0,0,0,0,0,0
Santi,MC,Espanyol,0,0,0,300.000,300.000,0.00,0,0,0,0,0,0,0,0,0,0,0,0,0,0,0,0,0,0,0,0,0
Alaba,DF,Real Madrid,0,0,0,1.033.301,1.018.763,0.00,0,0,0,0,0,0,0,0,0,0,0,0,0,0,0,0,0,0,0,0,0
Angileri,DF,Espanyol,0,0,0,507.195,514.646,0.00,0,0,0,0,0,0,0,0,0,0,0,0,0,0,0,0,0,0,0,0,0
Artero,MC,Girona,0,0,0,1.182.519,1.182.519,0.00,0,0,0,0,0,0,0,0,0,0,0,0,0,0,0,0,0,0,0,0,0
Pedraza,DF,Villarreal CF,0,0,0,618.604,617.321,0.00,0,0,0,0,0,0,0,0,0,0,0,0,0,0,0,0,0,0,0,0,0
De La Torre,MC,Celta de Vigo,0,0,0,524.268,530.380,0.00,0,0,0,0,0,0,0,0,0,0,0,0,0,0,0,0,0,0,0,0,0
Javi Llabrés,DL,Mallorca,0,0,0,502.015,509.873,0.00,3,0,0,0,0,0,0,0,0,0,0,0,0,0,0,0,0,0,0,0,0
Kike Barja,DL,Osasuna,0,0,0,519.156,525.670,0.00,1,0,0,0,0,0,0,0,0,0,0,0,0,0,0,0,0,0,0,0,0
Piñeiro,PO,Real Madrid,0,0,0,300.000,300.000,0.00,0,0,0,0,0,0,0,0,0,0,0,0,0,0,0,0,0,0,0,0,0
Isco,MC,Real Betis,0,0,0,5.010.931,4.823.992,0.00,0,0,0,0,0,0,0,0,0,0,0,0,0,0,0,0,0,0,0,0,0
Iranzo,DF,Valencia CF,0,0,0,300.000,300.000,0.00,0,0,0,0,0,0,0,0,0,0,0,0,0,0,0,0,0,0,0,0,0
Zakharyan,MC,Real Sociedad,0,0,0,599.284,599.516,0.00,0,0,0,0,0,0,0,0,0,0,0,0,0,0,0,0,0,0,0,0,0
Mario,DL,Valencia CF,0,0,0,500.000,500.000,0.00,0,0,0,0,0,0,0,0,0,0,0,0,0,0,0,0,0,0,0,0,0
Iker Alvarez,PO,Villarreal CF,0,0,0,501.829,509.701,0.00,0,0,0,0,0,0,0,0,0,0,0,0,0,0,0,0,0,0,0,0,0
Otorbi,DL,Valencia CF,0,0,0,500.793,508.746,0.00,0,0,0,0,0,0,0,0,0,0,0,0,0,0,0,0,0,0,0,0,0
Szczesny,PO,FC Barcelona,0,0,0,11.009.408,10.499.351,0.00,4,0,0,0,0,0,0,0,0,0,0,0,0,0,0,0,0,0,0,0,0
Edu Expósito,MC,Espanyol,0,0,0,525.574,531.584,0.00,0,0,0,0,0,0,0,0,0,0,0,0,0,0,0,0,0,0,0,0,0
Marc Vidal,PO,Celta de Vigo,0,0,0,531.315,536.876,0.00,0,0,0,0,0,0,0,0,0,0,0,0,0,0,0,0,0,0,0,0,0
Marc Bernal,MC,FC Barcelona,0,0,0,601.499,601.557,0.00,0,0,0,0,0,0,0,0,0,0,0,0,0,0,0,0,0,0,0,0,0
Lartitegi,MC,Alavés,0,0,0,495.110,503.509,0.00,0,0,0,0,0,0,0,0,0,0,0,0,0,0,0,0,0,0,0,0,0
Llorenç,PO,Espanyol,0,0,0,1.500.000,1.500.000,0.00,1,0,0,0,0,0,0,0,0,0,0,0,0,0,0,0,0,0,0,0,0
Espigares,DF,Villarreal CF,0,0,0,550.691,554.732,0.00,1,0,0,0,0,0,0,0,0,0,0,0,0,0,0,0,0,0,0,0,0
Kochen,PO,FC Barcelona,0,0,0,534.232,539.564,0.00,2,0,0,0,0,0,0,0,0,0,0,0,0,0,0,0,0,0,0,0,0
Joni Montiel,MC,Rayo Vallecano,0,0,0,557.010,560.556,0.00,1,0,0,0,0,0,0,0,0,0,0,0,0,0,0,0,0,0,0,0,0
Patrick,MC,Espanyol,0,0,0,511.971,519.048,0.00,1,0,0,0,0,0,0,0,0,0,0,0,0,0,0,0,0,0,0,0,0
Mateu Jaume,DF,Mallorca,-1,0,0,594.304,594.926,-0.11,9,0,0,0,0,0,0,0,0,0,0,0,0,0,0,0,1,0,0,0,0
Vallejo,DF,Real Madrid,-1,0,0,636.541,633.851,-0.11,9,10,0,0,0,0,1,0,0,1,2,0,2,0,0,0,0,0,0,0,0
Adrián,PO,Real Betis,-2,0,0,573.596,575.841,-0.15,13,0,0,0,0,0,0,0,0,0,0,0,0,0,0,0,2,0,0,0,0
Rodrigo Abajas,DF,Valencia CF,-2,0,0,509.100,516.402,-0.33,6,66,0,0,0,0,1,1,0,3,14,0,2,0,0,0,1,0,0,0,0
Juan Carlos,PO,Girona,-3,0,0,576.338,578.369,-0.33,9,0,0,0,0,0,0,0,0,0,0,0,0,1,0,0,0,0,0,0,0
R Chasco,DF,Valladolid,-3,0.11,1,500.261,508.256,-0.33,9,129,0,0,0,1,1,0,0,4,30,0,4,0,0,0,0,0,0,0,0
Joel Roca,DL,Girona,0,0,0,717.695,717.695,0.00,0,0,0,0,0,0,0,0,0,0,0,0,0,0,0,0,0,0,0,0,0
Yan Couto,DF,Girona,0,0,0,27.500.000,27.500.000,0.00,0,0,0,0,0,0,0,0,0,0,0,0,0,0,0,0,0,0,0,0,0
Dovbyk,DL,Girona,0,0,0,63.597.134,63.597.134,0.00,0,0,0,0,0,0,0,0,0,0,0,0,0,0,0,0,0,0,0,0,0
Savic,DF,Atlético de Madrid,0,0,0,5.000.000,5.000.000,0.00,0,0,0,0,0,0,0,0,0,0,0,0,0,0,0,0,0,0,0,0,0
Rafa Marín,DF,Alavés,0,0,0,15.000.000,15.000.000,0.00,0,0,0,0,0,0,0,0,0,0,0,0,0,0,0,0,0,0,0,0,0
Gundogan,MC,FC Barcelona,0,0,0,41.942.969,41.942.969,0.00,0,0,0,0,0,0,0,0,0,0,0,0,0,0,0,0,0,0,0,0,0
Jaume Domenech,PO,Valencia CF,0,0,0,517.504,524.147,0.00,2,0,0,0,0,0,0,0,0,0,0,0,0,0,0,0,0,0,0,0,0
Diego Méndez,DF,Rayo Vallecano,0,0,0,300.000,300.000,0.00,0,0,0,0,0,0,0,0,0,0,0,0,0,0,0,0,0,0,0,0,0
Unai Simón,PO,Athletic Club,0,0,0,2.743.638,2.739.503,0.00,0,0,0,0,0,0,0,0,0,0,0,0,0,0,0,0,0,0,0,0,0
Á.valles,PO,Las Palmas,0,0,0,1.844.744,1.748.185,0.00,0,0,0,0,0,0,0,0,0,0,0,0,0,0,0,0,0,0,0,0,0
Araújo,DF,FC Barcelona,0,0,0,4.159.039,4.095.585,0.00,0,0,0,0,0,0,0,0,0,0,0,0,0,0,0,0,0,0,0,0,0
Diakhaby,DF,Valencia CF,0,0,0,534.087,539.430,0.00,0,0,0,0,0,0,0,0,0,0,0,0,0,0,0,0,0,0,0,0,0
Valencia,PO,Osasuna,0,0,0,500.000,500.000,0.00,0,0,0,0,0,0,0,0,0,0,0,0,0,0,0,0,0,0,0,0,0
Foyth,DF,Villarreal CF,0,0,0,875.105,853.712,0.00,0,0,0,0,0,0,0,0,0,0,0,0,0,0,0,0,0,0,0,0,0
Santi,MC,Espanyol,0,0,0,300.000,300.000,0.00,0,0,0,0,0,0,0,0,0,0,0,0,0,0,0,0,0,0,0,0,0
Alaba,DF,Real Madrid,0,0,0,1.033.301,1.018.763,0.00,0,0,0,0,0,0,0,0,0,0,0,0,0,0,0,0,0,0,0,0,0
Angileri,DF,Espanyol,0,0,0,507.195,514.646,0.00,0,0,0,0,0,0,0,0,0,0,0,0,0,0,0,0,0,0,0,0,0
Artero,MC,Girona,0,0,0,1.182.519,1.182.519,0.00,0,0,0,0,0,0,0,0,0,0,0,0,0,0,0,0,0,0,0,0,0
Pedraza,DF,Villarreal CF,0,0,0,618.604,617.321,0.00,0,0,0,0,0,0,0,0,0,0,0,0,0,0,0,0,0,0,0,0,0
De La Torre,MC,Celta de Vigo,0,0,0,524.268,530.380,0.00,0,0,0,0,0,0,0,0,0,0,0,0,0,0,0,0,0,0,0,0,0
Javi Llabrés,DL,Mallorca,0,0,0,502.015,509.873,0.00,3,0,0,0,0,0,0,0,0,0,0,0,0,0,0,0,0,0,0,0,0
Kike Barja,DL,Osasuna,0,0,0,519.156,525.670,0.00,1,0,0,0,0,0,0,0,0,0,0,0,0,0,0,0,0,0,0,0,0
Piñeiro,PO,Real Madrid,0,0,0,300.000,300.000,0.00,0,0,0,0,0,0,0,0,0,0,0,0,0,0,0,0,0,0,0,0,0
Isco,MC,Real Betis,0,0,0,5.010.931,4.823.992,0.00,0,0,0,0,0,0,0,0,0,0,0,0,0,0,0,0,0,0,0,0,0
Iranzo,DF,Valencia CF,0,0,0,300.000,300.000,0.00,0,0,0,0,0,0,0,0,0,0,0,0,0,0,0,0,0,0,0,0,0
Zakharyan,MC,Real Sociedad,0,0,0,599.284,599.516,0.00,0,0,0,0,0,0,0,0,0,0,0,0,0,0,0,0,0,0,0,0,0
Mario,DL,Valencia CF,0,0,0,500.000,500.000,0.00,0,0,0,0,0,0,0,0,0,0,0,0,0,0,0,0,0,0,0,0,0
Iker Alvarez,PO,Villarreal CF,0,0,0,501.829,509.701,0.00,0,0,0,0,0,0,0,0,0,0,0,0,0,0,0,0,0,0,0,0,0
Otorbi,DL,Valencia CF,0,0,0,500.793,508.746,0.00,0,0,0,0,0,0,0,0,0,0,0,0,0,0,0,0,0,0,0,0,0
Szczesny,PO,FC Barcelona,0,0,0,11.009.408,10.499.351,0.00,4,0,0,0,0,0,0,0,0,0,0,0,0,0,0,0,0,0,0,0,0
Edu Expósito,MC,Espanyol,0,0,0,525.574,531.584,0.00,0,0,0,0,0,0,0,0,0,0,0,0,0,0,0,0,0,0,0,0,0
Marc Vidal,PO,Celta de Vigo,0,0,0,531.315,536.876,0.00,0,0,0,0,0,0,0,0,0,0,0,0,0,0,0,0,0,0,0,0,0
Marc Bernal,MC,FC Barcelona,0,0,0,601.499,601.557,0.00,0,0,0,0,0,0,0,0,0,0,0,0,0,0,0,0,0,0,0,0,0
Lartitegi,MC,Alavés,0,0,0,495.110,503.509,0.00,0,0,0,0,0,0,0,0,0,0,0,0,0,0,0,0,0,0,0,0,0
Llorenç,PO,Espanyol,0,0,0,1.500.000,1.500.000,0.00,1,0,0,0,0,0,0,0,0,0,0,0,0,0,0,0,0,0,0,0,0
Espigares,DF,Villarreal CF,0,0,0,550.691,554.732,0.00,1,0,0,0,0,0,0,0,0,0,0,0,0,0,0,0,0,0,0,0,0
Kochen,PO,FC Barcelona,0,0,0,534.232,539.564,0.00,2,0,0,0,0,0,0,0,0,0,0,0,0,0,0,0,0,0,0,0,0
Joni Montiel,MC,Rayo Vallecano,0,0,0,557.010,560.556,0.00,1,0,0,0,0,0,0,0,0,0,0,0,0,0,0,0,0,0,0,0,0
Patrick,MC,Espanyol,0,0,0,511.971,519.048,0.00,1,0,0,0,0,0,0,0,0,0,0,0,0,0,0,0,0,0,0,0,0
Mateu Jaume,DF,Mallorca,-1,0,0,594.304,594.926,-0.11,9,0,0,0,0,0,0,0,0,0,0,0,0,0,0,0,1,0,0,0,0
Vallejo,DF,Real Madrid,-1,0,0,636.541,633.851,-0.11,9,10,0,0,0,0,1,0,0,1,2,0,2,0,0,0,0,0,0,0,0
Adrián,PO,Real Betis,-2,0,0,573.596,575.841,-0.15,13,0,0,0,0,0,0,0,0,0,0,0,0,0,0,0,2,0,0,0,0
Rodrigo Abajas,DF,Valencia CF,-2,0,0,509.100,516.402,-0.33,6,66,0,0,0,0,1,1,0,3,14,0,2,0,0,0,1,0,0,0,0
Juan Carlos,PO,Girona,-3,0,0,576.338,578.369,-0.33,9,0,0,0,0,0,0,0,0,0,0,0,0,1,0,0,0,0,0,0,0
R Chasco,DF,Valladolid,-3,0.11,1,500.261,508.256,-0.33,9,129,0,0,0,1,1,0,0,4,30,0,4,0,0,0,0,0,0,0,0
